id,nombre,CIE-10,id_tipo_diagnostico
1,(Osteo)artrosis erosiva,M:15:4,1
2,(Osteo)artrosis primaria generalizada,M:15:0,1
3,Abdomen agudo,R:10:0,1
4,Aborto espontáneo,O:03,2
5,"Aborto espontáneo, completo o no especificado, complicado con infección genital y pelviana",O:03:5,2
6,"Aborto espontáneo, completo o no especificado, complicado por embolia",O:03:7,2
7,"Aborto espontáneo, completo o no especificado, complicado por hemorragia excesiva o tardía",O:03:6,2
8,"Aborto espontáneo, completo o no especificado, con otras complicaciones especificadas y las no especificadas",O:03:8,2
9,"Aborto espontáneo, completo o no especificado, sin complicación",O:03:9,2
10,"Aborto espontáneo, incompleto, complicado con infección genital y pelviana",O:03:0,2
11,"Aborto espontáneo, incompleto, complicado por embolia",O:03:2,2
12,"Aborto espontáneo, incompleto, complicado por hemorragia excesiva o tardía",O:03:1,2
13,"Aborto espontáneo, incompleto, con otras complicaciones especificadas y las no especificadas",O:03:3,2
14,"Aborto espontáneo, incompleto, sin complicación",O:03:4,2
15,Aborto médico,O:04,2
16,"Aborto médico, completo o no especificado, complicado con infección genital y pelviana",O:04:5,2
17,"Aborto médico, completo o no especificado, complicado por embolia",O:04:7,2
18,"Aborto médico, completo o no especificado, complicado por hemorragia excesiva o tardía",O:04:6,2
19,"Aborto médico, completo o no especificado, con otras complicaciones especificadas y las no especificadas",O:04:8,2
20,"Aborto médico, completo o no especificado, sin complicación",O:04:9,2
21,"Aborto médico, incompleto, complicado con infección genital y pelviana",O:04:0,2
22,"Aborto médico, incompleto, complicado por embolia",O:04:2,2
23,"Aborto médico, incompleto, complicado por hemorragia excesiva o tardía",O:04:1,2
24,"Aborto médico, incompleto, con otras complicaciones especificadas y las no especificadas",O:04:3,2
25,"Aborto médico, incompleto, sin complicación",O:04:4,2
26,Aborto no especificado,O:06,2
27,"Aborto no especificado, completo o no especificado, complicado con infección genital y pelviana",O:06:5,2
28,"Aborto no especificado, completo o no especificado, complicado por embolia",O:06:7,2
29,"Aborto no especificado, completo o no especificado, complicado por hemorragia excesiva o tardía",O:06:6,2
30,"Aborto no especificado, completo o no especificado, con otras complicaciones especificadas y las no especificadas",O:06:8,2
31,"Aborto no especificado, completo o no especificado, sin complicación",O:06:9,2
32,"Aborto no especificado, incompleto, complicado con infección genital y pelviana",O:06:0,2
33,"Aborto no especificado, incompleto, complicado por embolia",O:06:2,2
34,"Aborto no especificado, incompleto, complicado por hemorragia excesiva o tardía",O:06:1,2
35,"Aborto no especificado, incompleto, con otras complicaciones especificadas y las no especificadas",O:06:3,2
36,"Aborto no especificado, incompleto, sin complicación",O:06:4,2
37,Aborto retenido,O:02:1,2
38,Abrasión de los dientes,K:03:1,1
39,Absceso anal,K:61:0,1
40,Absceso anorrectal,K:61:2,1
41,Absceso cerebral feomicótico,B:43:1,1
42,"Absceso cutáneo, furúnculo y ántrax",L:02,1
43,"Absceso cutáneo, furúnculo y ántrax de glúteos",L:02:3,1
44,"Absceso cutáneo, furúnculo y ántrax de la cara",L:02:0,1
45,"Absceso cutáneo, furúnculo y ántrax de miembro",L:02:4,1
46,"Absceso cutáneo, furúnculo y ántrax de otros sitios",L:02:8,1
47,"Absceso cutáneo, furúnculo y ántrax de sitio no especificado",L:02:9,1
48,"Absceso cutáneo, furúnculo y ántrax del cuello",L:02:1,1
49,"Absceso cutáneo, furúnculo y ántrax del tronco",L:02:2,1
50,Absceso de glándula salival,K:11:3,1
51,Absceso de la mama asociado con el parto,O:91:1,2
52,Absceso de las regiones anal y rectal,K:61,1
53,Absceso del bazo,D:73:3,1
54,Absceso del hígado,K:75:0,1
55,Absceso del intestino,K:63:0,1
56,Absceso del oído externo,H:60:0,1
57,Absceso del pulmón con neumonía,J:85:1,1
58,Absceso del pulmón sin neumonía,J:85:2,1
59,Absceso intraesfinteriano,K:61:4,1
60,Absceso periamigdalino,J:36,1
61,Absceso periapical sin fístula,K:04:7,1
62,Absceso retrofaríngeo y parafaríngeo,J:39:0,1
63,Absceso uretral,N:34:0,1
64,Absceso y granuloma intracraneal,G:06:0,1
65,Absceso y quiste subcutáneo feomicótico,B:43:2,1
66,"Absceso, furúnculo y ántrax de la nariz",J:34:0,1
67,Abuso físico,T:74:1,1
68,Abuso psicológico,T:74:3,1
69,Abuso sexual,T:74:2,1
70,Acalasia del cardias,K:22:0,1
71,"Accidente de embarcación que causa ahogamiento y sumersión, balsa inflable (sin motor)",V:90:6,1
72,Accidente de transporte no especificado,V:99,1
73,"Accidente vascular encefálico agudo, no especificado como hemorrágico o  isquémico",I:64,5
74,"Accidente vascular encefálico agudo, no especificado como hemorrágico o  isquémico",I:64,5
75,Acidez,R:12,1
76,Acidosis,E:87:2,1
77,Acidosis metabólica tardía del recién nacido,P:74:0,1
78,Acné,L:70,1
79,Acné conglobado,L:70:1,1
80,Acné infantil,L:70:4,1
81,Acné vulgar,L:70:0,1
82,"Acné, no especificado",L:70:9,1
83,Acondroplasia,Q:77:4,1
84,Acrodermatitis continua,L:40:2,1
85,Acrodermatitis crónica atrófica,L:90:4,1
86,Acrodermatitis papular infantil [Giannotti-Crosti],L:44:4,1
87,Actinomicosis,A:42,1
88,"Actinomicosis, sin otra especificación",A:42:9,1
89,Adenomegalia,R:59,1
90,Adenomegalia generalizada,R:59:1,1
91,Adenomegalia localizada,R:59:0,1
92,"Adenomegalia, no especificada",R:59:9,1
93,Adenovirus como causa de enfermedades clasificadas en otros capítulos,B:97:0,1
94,Adherencias [bridas] intestinales con obstrucción,K:56:5,1
95,Adiposidad localizada,E:65,1
96,Afecciones alveolares y alveoloparietales,J:84:0,1
97,Afecciones inflamatorias de los maxilares,K:10:2,1
98,Afecciones no infecciosas del pabellón auditivo,H:61:1,1
99,Afecciones respiratorias debidas a agentes externos no especificados,J:70:9,1
100,Afecciones respiratorias debidas a otros agentes externos especificados,J:70:8,1
101,"Afección eritematosa, no especificada",L:53:9,1
102,"Afección no especificada de la piel, propia del feto y del recién nacido",P:83:9,1
103,Afección no especificada originada en el período perinatal,P:96:9,1
104,Afección relacionada con la contaminación ambiental,Y:97,1
105,Afección respiratoria no especificada del recién nacido,P:28:9,1
106,"Afección respiratoria no especificada, debida a inhalación de gases, humos, vapores y sustancias químicas",J:68:9,1
107,Afonía,R:49:1,1
108,Agalactia,O:92:3,2
109,"Agenesia renal, sin otra especificación",Q:60:2,1
110,"Agenesia renal, unilateral",Q:60:0,1
111,"Agenesia, aplasia e hipoplasia de la vesícula biliar",Q:44:0,1
112,Agorafobia,F:40:0,1
113,Agotamiento por calor debido a depleción de sal,T:67:4,1
114,"Agotamiento por calor, anhidrótico",T:67:3,1
115,Agranulocitosis,D:70,1
116,"Agresión con disparo de otras armas de fuego, y las no especificadas, en lugar no especificado",X:95:9,1
117,"Agresión con disparo de otras armas de fuego, y las no especificadas, en vivienda",X:95:0,1
118,Agresión con fuerza corporal,Y:04,1
119,"Agresión con fuerza corporal, en lugar no especificado",Y:04:9,1
120,"Agresión con fuerza corporal, en vivienda",Y:04:0,1
121,"Agresión con objeto cortante, en lugar no especificado",X:99:9,1
122,"Agresión con objeto cortante, en vivienda",X:99:0,1
123,"Agresión con sustancia corrosiva, en institución residencial",X:86:1,1
124,"Agresión por medios no especificados, en vivienda",Y:09:0,1
125,Ahogamiento y sumersión no mortal,T:75:1,1
126,"Ahorcamiento, estrangulamiento y sofocación, de intención no determinada, en lugar no especificado",Y:20:9,1
127,Albinismo,E:70:3,1
128,Alergia no especificada,T:78:4,1
129,Alopecia (capitis) total,L:63:0,1
130,"Alopecia cicatricial, no especificada",L:66:9,1
131,Alteraciones de la secreción salival,K:11:7,1
132,Alteraciones de la sensibilidad cutánea,R:20,1
133,Alteraciones de la voz,R:49,1
134,Alteraciones del equilibrio del potasio en el recién nacido,P:74:3,1
135,Alteraciones del equilibrio del sodio en el recién nacido,P:74:2,1
136,Alteraciones en la erupción dentaria,K:00:6,1
137,Alteraciones en la formación dentaria,K:00:4,1
138,Alteración cerebral no especificada del recién nacido,P:91:9,1
139,Alteración no especificada de la regulación de la temperatura en el recién nacido,P:81:9,1
140,"Alteración visual, no especificada",H:53:9,1
141,Alveolitis del maxilar,K:10:3,1
142,Amebiasis,A:06,1
143,Amebiasis intestinal crónica,A:06:1,1
144,"Amebiasis, no especificada",A:06:9,1
145,Ameboma intestinal,A:06:3,1
146,Amenaza de aborto,O:20:0,2
147,Amigdalitis aguda,J:03,1
148,Amigdalitis aguda debida a otros microorganismos especificados,J:03:8,1
149,"Amigdalitis aguda, no especificada",J:03:9,1
150,Amigdalitis crónica,J:35:0,1
151,Amigdalitis estreptocócica,J:03:0,1
152,Amiloidosis de la piel (E85.-+),L:99:0,1
153,Amplitud de las suturas craneales del recién nacido,P:96:3,1
154,"Amputación del pie, nivel no especificado",S:98:4,1
155,Amputación traumática a nivel del cuello,S:18,1
156,Amputación traumática de dos o más dedos solamente (completa) (parcial),S:68:2,1
157,"Amputación traumática de otras partes y de las no especificadas del abdomen, región lumbosacra y pelvis",S:38:3,1
158,Amputación traumática de parte de la cabeza,S:08,1
159,"Amputación traumática del hombro y del brazo, nivel no especificado",S:48:9,1
160,Amputación traumática que afecta otras combinaciones de regiones del cuerpo,T:05:8,1
161,Anemia aplástica constitucional,D:61:0,1
162,"Anemia aplástica, sin otra especificación",D:61:9,1
163,Anemia congénita debida a pérdida de sangre fetal,P:61:3,1
164,Anemia de la prematuridad,P:61:2,1
165,Anemia de tipo no especificado,D:64:9,1
166,Anemia debida a deficiencia de glucosa-6-fosfato deshidrogenasa [G6FD],D:55:0,1
167,Anemia debida a trastornos enzimáticos,D:55,1
168,Anemia diseritropoyética congénita,D:64:4,1
169,Anemia en otras enfermedades crónicas clasificadas en otra parte,D:63:8,1
170,"Anemia hemolítica adquirida, sin otra especificación",D:59:9,1
171,"Anemia hemolítica hereditaria, sin otra especificación",D:58:9,1
172,"Anemia nutricional, no especificada",D:53:9,1
173,Anemia por deficiencia de hierro secundaria a pérdida de sangre (crónica),D:50:0,1
174,Anemia por deficiencia de hierro sin otra especificación,D:50:9,1
175,Anemia por deficiencia de proteínas,D:53:0,1
176,"Anemia por deficiencia de vitamina B12, sin otra especificación",D:51:9,1
177,Anemia posthemorrágica aguda,D:62,1
178,"Anemia que complica el embarazo, el parto y el puerperio",O:99:0,2
179,"Anemia refractaria, sin otra especificación",D:46:4,1
180,Anemia sideroblástica hereditaria,D:64:0,1
181,Anemia sideroblástica secundaria a otra enfermedad,D:64:1,1
182,Anemias por deficiencia de hierro,D:50,1
183,Anencefalia,Q:00:0,1
184,Anencefalia y malformaciones congénitas similares,Q:00,1
185,Aneurisma cardíaco,I:25:3,1
186,Aneurisma de sitio no especificado,I:72:9,1
187,Aneurisma y disección aórticos,I:71,5
188,Angina de pecho,I:20,5
189,Angina de pecho con espasmo documentado,I:20:1,1
190,"Angina de pecho, no especificada",I:20:9,1
191,Angioestrongiliasis debida a Parastrongylus cantonensis,B:83:2,1
192,Angiítis debida a hipersensibilidad,M:31:0,1
193,Ano ectópico,Q:43:5,1
194,"Anoftalmía, microftalmía y macroftalmía",Q:11,1
195,"Anomalía cromosómica, no especificada",Q:99:9,1
196,Anomalía de Ebstein,Q:22:5,1
197,Anomalía de la posición de la oreja,Q:17:4,1
198,"Anomalía dentofacial, no especificada",K:07:9,1
199,"Anomalía dinámica del trabajo de parto, no especificada",O:62:9,2
200,Anomalías de la función pupilar en enfermedades clasificadas en otra parte,H:58:0,1
201,Anomalías de la posición del diente,K:07:3,1
202,Anomalías de la relación maxilobasilar,K:07:1,1
203,Anomalías del tamaño y de la forma del diente,K:00:2,1
204,Anomalías dentofaciales [incluso la maloclusión],K:07,1
205,Anomalías evidentes del tamaño de los maxilares,K:07:0,1
206,Anomalías genéticas de los leucocitos,D:72:0,1
207,Anoniquia,Q:84:3,1
208,Anorexia,R:63:0,1
209,Anorexia nerviosa,F:50:0,1
210,Anormalidad de la globulina,R:77:1,1
211,Anormalidades de la dinámica del trabajo de parto,O:62,2
212,Anormalidades de la respiración,R:06,1
213,"Anormalidades de los leucocitos, no clasificadas en otra parte",R:72,1
214,Anormalidades del latido cardíaco,R:00,1
215,Anormalidades en la prueba de tolerancia a la glucosa,R:73:0,1
216,Anquiloglosia,Q:38:1,1
217,Anquilosis articular,M:24:6,1
218,Anuria traumática,T:79:5,1
219,Anuria y oliguria,R:34,1
220,Apendicitis aguda,K:35,1
221,Apendicitis aguda con absceso peritoneal,K:35:1,1
222,Apendicitis aguda con peritonitis generalizada,K:35:0,1
223,"Apendicitis aguda, no especificada",K:35:9,1
224,"Apendicitis, no especificada",K:37,1
225,"Aplasia adquirida, exclusiva de la serie roja [eritroblastopenia]",D:60,1
226,Aplasia y ausencia congénita del pene,Q:55:5,1
227,Apnea del sueño,G:47:3,1
228,Apnea primaria del sueño del recién nacido,P:28:3,1
229,"Arritmia cardíaca, no especificada",I:49:9,1
230,Arritmia por reentrada ventricular,I:47:0,1
231,Articulación inestable,M:25:2,1
232,Artritis en micosis (B35-B49+),M:01:6,1
233,"Artritis juvenil, no especificada",M:08:9,1
234,"Artritis piógena, no especificada",M:00:9,1
235,Artritis postmeningocócica (A39.8+),M:03:0,1
236,"Artritis reumatoide, no especificada",M:06:9,1
237,"Artritis reumatoidea seropositiva, sin otra especificación",M:05:9,1
238,"Artritis, no especificada",M:13:9,1
239,Artrogriposis múltiple congénita,Q:74:3,1
240,Artropatía neuropática,M:14:6,1
241,Artropatía postinfecciosa en sífilis,M:03:1,1
242,"Artrosis, no especificada",M:19:9,1
243,Ascariasis,B:77,1
244,Ascariasis con complicaciones intestinales,B:77:0,1
245,"Ascariasis, no especificada",B:77:9,1
246,Ascitis,R:18,1
247,Asfixia,R:09:0,1
248,Asfixia,T:71,1
249,Asfixia del nacimiento,P:21,1
250,"Asfixia del nacimiento, leve y moderada",P:21:1,1
251,"Asfixia del nacimiento, no especificada",P:21:9,1
252,"Asfixia del nacimiento, severa",P:21:0,1
253,Asimetría facial,Q:67:0,1
254,Asma,J:45,1
255,Asma,J:45,5
256,Asma mixta,J:45:8,1
257,Asma no alérgica,J:45:1,1
258,Asma predominantemente alérgica,J:45:0,1
259,"Asma, no especificada",J:45:9,1
260,Aspiración neonatal de leche y alimento regurgitado,P:24:3,1
261,Aspiración neonatal de líquido amniótico y de moco,P:24:1,1
262,Aspiración neonatal de meconio,P:24:0,1
263,Aspiración neonatal de sangre,P:24:2,1
264,Ataque cianótico del recién nacido,P:28:2,1
265,"Ataxia, no especificada",R:27:0,1
266,Atelectasia primaria del recién nacido,P:28:0,1
267,Atención a la madre por otras complicaciones principalmente relacionadas con el embarazo,O:26,2
268,Atención del embarazo en una abortadora habitual,O:26:2,2
269,Atención materna por (presunta) anormalidad cromosómica en el feto,O:35:1,2
270,Atención materna por (presunta) anormalidad y lesión fetal no especificada,O:35:9,2
271,Atención materna por (presunta) enfermedad hereditaria en el feto,O:35:2,2
272,Atención materna por (presunta) lesión al feto debida a radiación,O:35:6,2
273,Atención materna por (presunta) lesión al feto debida al alcohol,O:35:4,2
274,Atención materna por (presunta) lesión fetal debida a drogas,O:35:5,2
275,Atención materna por (presunta) lesión fetal debida a enfermedad vírica en la madre,O:35:3,2
276,Atención materna por (presunta) lesión fetal debida a otros procedimientos médicos,O:35:7,2
277,Atención materna por (presunta) malformación del sistema nervioso central en el feto,O:35:0,2
278,Atención materna por anomalía congénita del útero,O:34:0,2
279,Atención materna por anormalidad de la vagina,O:34:6,2
280,Atención materna por anormalidad de la vulva y del perineo,O:34:7,2
281,Atención materna por anormalidad no especificada de órgano pelviano,O:34:9,2
282,"Atención materna por anormalidad o lesión fetal, conocida o presunta",O:35,2
283,Atención materna por anormalidades conocidas o presuntas de los órganos pelvianos de la madre,O:34,2
284,Atención materna por cabeza alta en gestación a término,O:32:4,2
285,Atención materna por cicatriz uterina debida a cirugía previa,O:34:2,2
286,Atención materna por crecimiento fetal excesivo,O:36:6,2
287,Atención materna por desproporción conocida o presunta,O:33,2
288,Atención materna por desproporción de origen no especificado,O:33:9,2
289,Atención materna por desproporción de otro origen,O:33:8,2
290,Atención materna por desproporción debida a deformidad de la pelvis ósea en la madre,O:33:0,2
291,Atención materna por desproporción debida a disminución del estrecho inferior de la pelvis,O:33:3,2
292,Atención materna por desproporción debida a disminución del estrecho superior de la pelvis,O:33:2,2
293,Atención materna por desproporción debida a estrechez general de la pelvis,O:33:1,2
294,Atención materna por desproporción debida a feto demasiado grande,O:33:5,2
295,Atención materna por desproporción debida a feto hidrocefálico,O:33:6,2
296,Atención materna por desproporción debida a otra deformidad fetal,O:33:7,2
297,"Atención materna por desproporción fetopelviana de origen mixto, materno y fetal",O:33:4,2
298,Atención materna por déficit del crecimiento fetal,O:36:5,2
299,Atención materna por embarazo múltiple con presentación anormal de un feto o más,O:32:5,2
300,Atención materna por feto viable en embarazo abdominal,O:36:7,2
301,Atención materna por hidropesía fetal,O:36:2,2
302,Atención materna por incompetencia del cuello uterino,O:34:3,2
303,Atención materna por isoinmunización rhesus,O:36:0,2
304,Atención materna por muerte intrauterina,O:36:4,2
305,Atención materna por otra anormalidad del cuello uterino,O:34:4,2
306,Atención materna por otra isoinmunización,O:36:1,2
307,Atención materna por otras (presuntas) anormalidades y lesiones fetales,O:35:8,2
308,Atención materna por otras anormalidades de los órganos pelvianos,O:34:8,2
309,Atención materna por otras anormalidades del útero grávido,O:34:5,2
310,Atención materna por otras presentaciones anormales del feto,O:32:8,2
311,Atención materna por otros problemas fetales conocidos o presuntos,O:36,2
312,Atención materna por otros problemas fetales especificados,O:36:8,2
313,Atención materna por posición fetal inestable,O:32:0,2
314,Atención materna por posición fetal oblicua o transversa,O:32:2,2
315,"Atención materna por presentación anormal del feto, conocida o presunta",O:32,2
316,Atención materna por presentación anormal no especificada del feto,O:32:9,2
317,Atención materna por presentación compuesta,O:32:6,2
318,"Atención materna por presentación de cara, de frente o de mentón",O:32:3,2
319,Atención materna por presentación de nalgas,O:32:1,2
320,Atención materna por problemas fetales no especificados,O:36:9,2
321,Atención materna por signos de hipoxia fetal,O:36:3,2
322,Atención materna por tumor del cuerpo del útero,O:34:1,2
323,Aterosclerosis,I:70,5
324,Aterosclerosis de la aorta,I:70:0,1
325,Atresia de la aorta,Q:25:2,1
326,Atresia de la arteria pulmonar,Q:25:5,1
327,Atresia de las coanas,Q:30:0,1
328,Atresia de los agujeros de Magendie y de Luschka,Q:03:1,1
329,Atresia de los conductos biliares,Q:44:2,1
330,Atresia del esófago con fístula traqueoesofágica,Q:39:1,1
331,Atresia del esófago sin mención de fístula,Q:39:0,1
332,Atresia y estenosis del uréter,Q:62:1,1
333,Atrofia del testículo,N:50:0,1
334,"Atrofia y desgaste musculares, no clasificados en otra parte",M:62:5,1
335,Atrofia óptica en enfermedades clasificadas en otra parte,H:48:0,1
336,Aumento anormal de peso,R:63:5,1
337,Aumento excesivo de peso en el embarazo,O:26:0,2
338,Aumento pequeño de peso en el embarazo,O:26:1,2
339,Ausencia congénita completa del (de los) miembro(s) inferior(es),Q:72:0,1
340,Ausencia congénita completa del (de los) miembro(s) superior(es),Q:71:0,1
341,Ausencia congénita de la mano y el (los) dedo(s),Q:71:3,1
342,Ausencia congénita de la pierna y del pie,Q:72:2,1
343,Ausencia congénita del antebrazo y de la mano,Q:71:2,1
344,Ausencia congénita del muslo y de la pierna con presencia del pie,Q:72:1,1
345,Ausencia congénita del pabellón (de la oreja),Q:16:0,1
346,Ausencia congénita del pie y dedo(s) del pie,Q:72:3,1
347,"Ausencia congénita, atresia o estrechez del conducto auditivo (externo)",Q:16:1,1
348,Ausencia de la trompa de Eustaquio,Q:16:2,1
349,Ausencia e hipoplasia congénita de la arteria umbilical,Q:27:0,1
350,"Ausencia, atresia y estenosis congénita de otras partes del intestino grueso",Q:42:8,1
351,"Ausencia, atresia y estenosis congénita del ano, con fístula",Q:42:2,1
352,"Ausencia, atresia y estenosis congénita del ano, sin fístula",Q:42:3,1
353,"Ausencia, atresia y estenosis congénita del duodeno",Q:41:0,1
354,"Ausencia, atresia y estenosis congénita del intestino delgado",Q:41,1
355,"Ausencia, atresia y estenosis congénita del intestino delgado, parte no especificada",Q:41:9,1
356,"Ausencia, atresia y estenosis congénita del intestino grueso",Q:42,1
357,"Ausencia, atresia y estenosis congénita del intestino grueso, parte no especificada",Q:42:9,1
358,"Ausencia, atresia y estenosis congénita del recto, sin fístula",Q:42:1,1
359,"Ausencia, atresia y estenosis congénita del yeyuno",Q:41:1,1
360,Autosensibilización cutánea,L:30:2,1
361,Bajo peso para la edad gestacional,P:05:0,1
362,Balanitis en enfermedades clasificadas en otra parte,N:51:2,1
363,Balanopostitis,N:48:1,1
364,Balantidiasis,A:07:0,1
365,"Bartonelosis, no especificada",A:44:9,1
366,"Blastomicosis pulmonar, sin otra especificación",B:40:2,1
367,"Blastomicosis, no especificada",B:40:9,1
368,Blefaritis,H:01:0,1
369,Blefaroconjuntivitis,H:10:5,1
370,Blefaroptosis,H:02:4,1
371,Blefaroptosis congénita,Q:10:0,1
372,Bloqueo auriculoventricular y de rama izquierda del haz,I:44,5
373,Bloqueo cardíaco congénito,Q:24:6,1
374,Bloqueo fascicular derecho,I:45:0,1
375,Bloqueo intraventricular no especificado,I:45:4,1
376,"Boca seca, no especificada",R:68:2,1
377,"Bradicardia, no especificada",R:00:1,1
378,Bromhidrosis,L:75:0,1
379,Broncomalacia congénita,Q:32:2,1
380,"Bronconeumonía, no especificada",J:18:0,1
381,Bronquiectasia,J:47,1
382,Bronquiolitis aguda,J:21,1
383,Bronquiolitis aguda debida a otros microorganismos especificados,J:21:8,1
384,Bronquiolitis aguda debida a virus sincitial respiratorio,J:21:0,1
385,"Bronquiolitis aguda, no especificada",J:21:9,1
386,Bronquitis aguda,J:20,1
387,Bronquitis aguda debida a Haemophilus influenzae,J:20:1,1
388,Bronquitis aguda debida a Mycoplasma pneumoniae,J:20:0,1
389,Bronquitis aguda debida a estreptococos,J:20:2,1
390,Bronquitis aguda debida a otros microorganismos especificados,J:20:8,1
391,Bronquitis aguda debida a rinovirus,J:20:6,1
392,Bronquitis aguda debida a virus Echo,J:20:7,1
393,Bronquitis aguda debida a virus parainfluenza,J:20:4,1
394,Bronquitis aguda debida a virus sincitial respiratorio,J:20:5,1
395,"Bronquitis aguda, no especificada",J:20:9,1
396,Bronquitis crónica mixta simple y mucopurulenta,J:41:8,1
397,Bronquitis crónica no especificada,J:42,1
398,Bronquitis crónica simple,J:41:0,1
399,"Bronquitis, no especificada como aguda o crónica",J:40,1
400,Brucelosis debida a Brucella melitensis,A:23:0,1
401,"Brucelosis, no especificada",A:23:9,1
402,Bursitis del hombro,M:75:5,1
403,Bursitis tibial colateral [Pellegrini-Stieda],M:76:4,1
404,"Bursopatía, no especificada",M:71:9,1
405,Cadera inestable,Q:65:6,1
406,Calacio [chalazión],H:00:1,1
407,Calambres y espasmos,R:25:2,1
408,Cambios en la textura de la piel,R:23:4,1
409,Cambios en los hábitos intestinales,R:19:4,1
410,Candidiasis,B:37,1
411,Candidiasis de la piel y las uñas,B:37:2,1
412,Candidiasis de otras localizaciones urogenitales,B:37:4,1
413,Candidiasis de otros sitios,B:37:8,1
414,Candidiasis neonatal,P:37:5,1
415,Candidiasis pulmonar,B:37:1,1
416,"Candidiasis, no especificada",B:37:9,1
417,Caput succedaneum debido a traumatismo del nacimiento,P:12:1,1
418,Caquexia,R:64,1
419,Carbunco cutáneo,A:22:0,1
420,Carbunco pulmonar,A:22:1,1
421,Carcinoma de células hepáticas,C:22:0,1
422,Carcinoma de vías biliares intrahepáticas,C:22:1,1
423,"Carcinoma in situ de la cavidad bucal, del esófago y del estómago",D:00,5
424,Carcinoma in situ de la laringe,D:02:0,1
425,Carcinoma in situ de la mama,D:05,5
426,Carcinoma in situ de la piel,D:04,1
427,Carcinoma in situ de la piel,D:04,5
428,Carcinoma in situ de la vulva,D:07:1,1
429,Carcinoma in situ de otros sitios de órganos genitales femeninos y de los no especificados,D:07:3,1
430,Carcinoma in situ de otros sitios y de los no especificados,D:09,5
431,Carcinoma in situ de otros órganos digestivos y de los no especificados,D:01,5
432,Carcinoma in situ de otros órganos genitales y de los no especificados,D:07,5
433,Carcinoma in situ de órganos digestivos no especificados,D:01:9,1
434,Carcinoma in situ del cuello del útero,D:06,5
435,Carcinoma in situ del esófago,D:00:1,1
436,"Carcinoma in situ del labio, de la cavidad bucal y de la faringe",D:00:0,1
437,Carcinoma in situ del sistema respiratorio y del oído medio,D:02,5
438,Cardiomegalia,I:51:7,1
439,Cardiomiopatía,I:42,1
440,Cardiomiopatía,I:42,5
441,Cardiomiopatía dilatada,I:42:0,1
442,Cardiomiopatía en el puerperio,O:90:3,2
443,Cardiomiopatía en enfermedades clasificadas en otra parte,I:43,1
444,Cardiomiopatía en enfermedades clasificadas en otra parte,I:43,5
445,Cardiomiopatía hipertrófica obstructiva,I:42:1,1
446,Cardiomiopatía isquémica,I:25:5,1
447,"Cardiomiopatía, no especificada",I:42:9,1
448,Caries de la dentina,K:02:1,1
449,Caries del cemento,K:02:2,1
450,Caries dental,K:02,1
451,"Caries dental, no especificada",K:02:9,1
452,Caries limitada al esmalte,K:02:0,1
453,Catarata congénita,Q:12:0,1
454,"Catarata infantil, juvenil y presenil",H:26:0,1
455,Catarata residual,H:26:4,1
456,Catarata y otros trastornos del cristalino en enfermedades clasificadas en otra parte,H:28,1
457,"Catarata, no especificada",H:26:9,1
458,Causas de morbilidad desconocidas y no especificadas,R:69,1
459,Caída al ser trasladado o sostenido por otras personas,W:04,1
460,"Caída al ser trasladado o sostenido por otras personas, en lugar no especificado",W:04:9,1
461,"Caída al ser trasladado o sostenido por otras personas, en vivienda",W:04:0,1
462,"Caída en el mismo nivel por deslizamiento, tropezón y traspié, en lugar no especificado",W:01:9,1
463,"Caída no especificada, en lugar no especificado",W:19:9,1
464,Cefalalgia inducida por la anestesia espinal o epidural administradas  durante el trabajo de parto y el parto,O:74:5,2
465,Cefalalgia inducida por la anestesia espinal o epidural administradas durante el embarazo,O:29:4,2
466,Cefalalgia inducida por la anestesia espinal o epidural administradas durante el puerperio,O:89:4,2
467,Cefalea,R:51,1
468,Cefalea debida a tensión,G:44:2,1
469,"Cefalea vascular, NCOP",G:44:1,1
470,Cefalohematoma debido a traumatismo del nacimiento,P:12:0,1
471,Ceguera de ambos ojos,H:54:0,1
472,Ceguera de un ojo,H:54:4,1
473,Celulitis,L:03,1
474,Celulitis de la cara,L:03:2,1
475,Celulitis de los dedos de la mano y del pie,L:03:0,1
476,Celulitis de otras partes de los miembros,L:03:1,1
477,Celulitis de otros sitios,L:03:8,1
478,Celulitis de sitio no especificado,L:03:9,1
479,Celulitis del oído externo,H:60:1,1
480,Celulitis del tronco,L:03:3,1
481,Celulitis eosinófila [Wells],L:98:3,1
482,Celulitis y abceso de boca,K:12:2,1
483,Cerumen impactado,H:61:2,1
484,Cervicalgia,M:54:2,1
485,Chancro blando,A:57,1
486,Chasquido de la cadera,R:29:4,1
487,Choque anafiláctico debido a reacción adversa a alimentos,T:78:0,1
488,"Choque anafiláctico, no especificado",T:78:2,1
489,Choque cardiogénico,R:57:0,1
490,"Choque consecutivo al aborto, al embarazo ectópico y al embarazo molar",O:08:3,2
491,Choque durante o después del trabajo de parto y el parto,O:75:1,2
492,"Choque durante o resultante de un procedimiento, no clasificado en otra parte",T:81:1,1
493,Choque hipovolémico,R:57:1,1
494,"Choque, no clasificado en otra parte",R:57,1
495,"Choque, no especificado",R:57:9,1
496,Cianosis,R:23:0,1
497,Cicatriz queloide,L:91:0,1
498,"Cicatriz u opacidad de la córnea, no especificada",H:17:9,1
499,Ciertas complicaciones presentes posteriores al infarto agudo del miocardio,I:23,5
500,"Cigomicosis, no especificada",B:46:9,1
501,"Cirrosis biliar, no especificada",K:74:5,1
502,Cisticercosis del sistema nervioso central,B:69:0,1
503,"Cisticercosis, no especificada",B:69:9,1
504,Cistitis,N:30,1
505,Cistitis aguda,N:30:0,1
506,Cistitis por irradiación,N:30:4,1
507,"Cistitis, no especificada",N:30:9,1
508,Ciática,M:54:3,1
509,Cloasma,L:81:1,1
510,Coagulación intravascular diseminada [síndrome de desfibrinación],D:65,1
511,Coagulación intravascular diseminada en el feto y el recién nacido,P:60,1
512,Coartación de la aorta,Q:25:1,1
513,Coccidioidomicosis,B:38,1
514,Coccidioidomicosis pulmonar aguda,B:38:0,1
515,"Coccidioidomicosis pulmonar, sin otra especificación",B:38:2,1
516,"Coccidioidomicosis, no especificada",B:38:9,1
517,Colapso pulmonar,J:98:1,1
518,Colecistitis,K:81,1
519,Colecistitis aguda,K:81:0,1
520,Colecistitis crónica,K:81:1,1
521,"Colecistitis, no especificada",K:81:9,1
522,Colitis amebiana no disentérica,A:06:2,1
523,Colitis ulcerativa,K:51,1
524,"Colitis ulcerativa, sin otra especificación",K:51:9,1
525,Colitis y gastroenteritis alérgicas y dietéticas,K:52:2,1
526,Colitis y gastroenteritis debidas a radiación,K:52:0,1
527,"Colitis y gastroenteritis no infecciosas, no especificadas",K:52:9,1
528,Colitis y gastroenteritis tóxicas,K:52:1,1
529,Coloboma del iris,Q:13:0,1
530,Coma hipoglicémico no diabético,E:15,1
531,Coma neonatal,P:91:5,1
532,Complicaciones cardíacas de la anestesia administrada durante el embarazo,O:29:1,2
533,Complicaciones cardíacas de la anestesia administrada durante el puerperio,O:89:1,2
534,Complicaciones cardíacas de la anestesia administrada durante el trabajo de parto y el parto,O:74:2,2
535,"Complicaciones consecutivas al aborto, al embarazo ectópico y al embarazo  molar",O:08,2
536,Complicaciones de la anestesia administrada durante el embarazo,O:29,2
537,Complicaciones de la anestesia administrada durante el puerperio,O:89,2
538,Complicaciones de la anestesia administrada durante el trabajo de parto y el parto,O:74,2
539,Complicaciones de la reinserción (de parte) de extremidad superior,T:87:0,1
540,Complicaciones de otras partes del cuerpo reinsertadas,T:87:2,1
541,"Complicaciones de procedimientos intrauterinos, no clasificados en otra parte",P:96:5,1
542,"Complicaciones de procedimientos, no clasificadas en otra parte",T:81,1
543,"Complicaciones del puerperio, no clasificadas en otra parte",O:90,2
544,Complicaciones del sistema nervioso central debidas a la anestesia administrada durante el embarazo,O:29:2,2
545,Complicaciones del sistema nervioso central debidas a la anestesia administrada durante el puerperio,O:89:2,2
546,Complicaciones del sistema nervioso central por la anestesia administrada durante el trabajo de parto y el parto,O:74:3,2
547,Complicaciones específicas del embarazo múltiple,O:31,2
548,"Complicaciones no especificadas consecutivas a infusión, transfusión e inyección terapéutica",T:80:9,1
549,Complicaciones no especificadas de la atención médica y quirúrgica,T:88:9,1
550,Complicaciones pulmonares de la anestesia administrada durante el embarazo,O:29:0,2
551,Complicaciones pulmonares de la anestesia administrada durante el puerperio,O:89:0,2
552,Complicaciones venosas en el embarazo,O:22,2
553,Complicaciones venosas en el puerperio,O:87,2
554,Complicaciones y descripciones mal definidas de enfermedad cardíaca,I:51,1
555,Complicaciones y descripciones mal definidas de enfermedad cardíaca,I:51,5
556,Complicación mecánica de prótesis articular interna,T:84:0,1
557,"Complicación no especificada consecutiva al aborto, al embarazo ectópico y al embarazo molar",O:08:9,2
558,Complicación no especificada de la anestesia administrada durante el embarazo,O:29:9,2
559,Complicación no especificada de la anestesia administrada durante el puerperio,O:89:9,2
560,Complicación no especificada de la anestesia administrada durante el trabajo de parto y el parto,O:74:9,2
561,Complicación no especificada del trabajo de parto y del parto,O:75:9,2
562,"Complicación puerperal, no especificada",O:90:9,2
563,"Complicación relacionada con el embarazo, no especificada",O:26:9,2
564,"Complicación venosa en el puerperio, no especificada",O:87:9,2
565,Complicación venosa no especificada en el embarazo,O:22:9,2
566,Compresión del encéfalo,G:93:5,1
567,"Compromiso sistémico del tejido conjuntivo, no especificado",M:35:9,1
568,Concreciones apendiculares,K:38:1,1
569,Concusión,S:06:0,1
570,Concusión y edema de la médula espinal cervical,S:14:0,1
571,Concusión y edema de la médula espinal lumbar,S:34:0,1
572,Condromalacia,M:94:2,1
573,Condromalacia de la rótula,M:22:4,1
574,Condrólisis,M:94:3,1
575,Conducta extraña e inexplicable,R:46:2,1
576,Conducto arterioso permeable,Q:25:0,1
577,"Conexión anómala de las venas pulmonares, sin otra especificación",Q:26:4,1
578,Conexión anómala parcial de las venas pulmonares,Q:26:3,1
579,Conexión anómala total de las venas pulmonares,Q:26:2,1
580,Confinado o atrapado en un ambiente con bajo contenido de oxígeno,W:81,1
581,Congestión pasiva crónica del hígado,K:76:1,1
582,Conjuntivitis,H:10,1
583,"Conjuntivitis aguda, no especificada",H:10:3,1
584,Conjuntivitis atópica aguda,H:10:1,1
585,Conjuntivitis crónica,H:10:4,1
586,Conjuntivitis debida a adenovirus (H13.1*),B:30:1,1
587,Conjuntivitis en enfermedades infecciosas y parasitarias clasificadas en otra parte,H:13:1,1
588,Conjuntivitis en otras enfermedades clasificadas en otra parte,H:13:2,1
589,Conjuntivitis epidémica aguda hemorrágica (enterovírica) (H13.1*),B:30:3,1
590,Conjuntivitis mucopurulenta,H:10:0,1
591,Conjuntivitis por clamidias (H13.1*),A:74:0,1
592,Conjuntivitis viral,B:30,1
593,"Conjuntivitis viral, sin otra especificación",B:30:9,1
594,Conjuntivitis y dacriocistitis neonatales,P:39:1,1
595,"Conjuntivitis, no especificada",H:10:9,1
596,Consolidación retardada de fractura,M:84:2,1
597,Constipación,K:59:0,1
598,"Contacto con bebidas, alimentos, grasas y aceites para cocinar, calientes, en calles y carreteras",X:10:4,1
599,"Contacto con otros líquidos calientes, en otro lugar especificado",X:12:8,1
600,"Contacto con vapor de agua y otros vapores calientes, en otro lugar especificado",X:13:8,1
601,Contacto traumático con arañas venenosas,X:21,1
602,"Contacto traumático con arañas venenosas, en lugar no especificado",X:21:9,1
603,"Contacto traumático con avispones, avispas y abejas, en lugar no especificado",X:23:9,1
604,"Contacto traumático con avispones, avispas y abejas, en otro lugar especificado",X:23:8,1
605,"Contacto traumático con cuchillo, espada, daga o puñal",W:26,1
606,"Contacto traumático con escorpión, en lugar no especificado",X:22:9,1
607,"Contacto traumático con objeto cortante, de intención no determinada",Y:28,1
608,"Contacto traumático con objeto cortante, de intención no determinada, en calles y carreteras",Y:28:4,1
609,"Contacto traumático con objeto cortante, de intención no determinada, en lugar no especificado",Y:28:9,1
610,"Contacto traumático con objeto cortante, de intención no determinada, en vivienda",Y:28:0,1
611,"Contacto traumático con otros animales venenosos especificados, en lugar no especificado",X:27:9,1
612,"Contacto traumático con otros artrópodos venenosos especificados, en lugar no especificado",X:25:9,1
613,"Contacto traumático con serpientes y lagartos venenosos, en lugar no especificado",X:20:9,1
614,Contracciones primarias inadecuadas,O:62:0,2
615,"Contracciones uterinas hipertónicas, incoordinadas y prolongadas",O:62:4,2
616,Contractura muscular,M:62:4,1
617,Contusión de dedo(s) de la mano con daño de la(s) uña(s),S:60:1,1
618,"Contusión de dedo(s) de la mano, sin daño de la(s) uña(s)",S:60:0,1
619,Contusión de dedo(s) del pie sin daño de la(s) uña(s),S:90:1,1
620,Contusión de la cadera,S:70:0,1
621,Contusión de la mama,S:20:0,1
622,Contusión de la pared abdominal,S:30:1,1
623,Contusión de la región lumbosacra y de la pelvis,S:30:0,1
624,Contusión de la rodilla,S:80:0,1
625,Contusión de los párpados y de la región periocular,S:00:1,1
626,Contusión de otras partes de la muñeca y de la mano,S:60:2,1
627,Contusión de otras partes del antebrazo y de las no especificadas,S:50:1,1
628,Contusión de otras partes y de las no especificadas del pie,S:90:3,1
629,Contusión de otras partes y las no especificadas de la pierna,S:80:1,1
630,Contusión de órganos genitales externos,S:30:2,1
631,Contusión del codo,S:50:0,1
632,Contusión del globo ocular y del tejido orbitario,S:05:1,1
633,Contusión del hombro y del brazo,S:40:0,1
634,Contusión del muslo,S:70:1,1
635,Contusión del tobillo,S:90:0,1
636,Contusión del tórax,S:20:2,1
637,Convulsiones del recién nacido,P:90,1
638,Convulsiones disociativas,F:44:5,1
639,Convulsiones febriles,R:56:0,1
640,"Convulsiones, no clasificadas en otra parte",R:56,1
641,Corea reumática,I:02,5
642,Corea reumática sin mención de complicación cardíaca,I:02:9,1
643,"Corrosión de la cabeza y del cuello, grado no especificado",T:20:4,1
644,"Corrosión de las vías respiratorias, parte no especificada",T:27:7,1
645,Corrosión de región del cuerpo y grado no especificados,T:30:4,1
646,Coxa plana,M:91:2,1
647,"Coxartrosis, no especificada",M:16:9,1
648,Craneorraquisquisis,Q:00:1,1
649,Craneosinostosis,Q:75:0,1
650,Criptococosis,B:45,1
651,"Criptococosis, no especificada",B:45:9,1
652,"Cromomicosis, no especificada",B:43:9,1
653,Cromosomas marcadores suplementarios,Q:92:6,1
654,Cuerpo extraño dejado accidentalmente en cavidad corporal o en herida operatoria consecutiva a procedimiento,T:81:5,1
655,Cuerpo extraño en bronquios,T:17:5,1
656,Cuerpo extraño en el esófago,T:18:1,1
657,Cuerpo extraño en el orificio nasal,T:17:1,1
658,Cuerpo extraño en el oído,T:16,1
659,Cuerpo extraño en el saco conjuntival,T:15:1,1
660,"Cuerpo extraño en el tubo digestivo, parte no especificada",T:18:9,1
661,Cuerpo extraño en la boca,T:18:0,1
662,Cuerpo extraño en la córnea,T:15:0,1
663,Cuerpo extraño en la faringe,T:17:2,1
664,Cuerpo extraño en la laringe,T:17:3,1
665,Cuerpo extraño en la vulva y en la vagina,T:19:2,1
666,Cuerpo extraño en las vías respiratorias,T:17,1
667,"Cuerpo extraño en las vías respiratorias, parte no especificada",T:17:9,1
668,Cuerpo extraño en otras y en múltiples partes de la parte externa del ojo,T:15:8,1
669,Cuerpo extraño en otras y en múltiples partes de las vías respiratorias,T:17:8,1
670,Cuerpo extraño en parte externa del ojo,T:15,1
671,"Cuerpo extraño en parte externa del ojo, sitio no especificado",T:15:9,1
672,Cuerpo extraño en seno paranasal,T:17:0,1
673,Cuerpo extraño que penetra a través de la piel,W:45,1
674,"Cuerpo extraño que penetra a través de la piel, en lugar no especificado",W:45:9,1
675,"Cuerpo extraño que penetra a través de la piel, en otro lugar especificado",W:45:8,1
676,"Cuerpo extraño que penetra por el ojo u orificio natural, en calles y carreteras",W:44:4,1
677,"Cuerpo extraño que penetra por el ojo u orificio natural, en lugar no especificado",W:44:9,1
678,"Cuerpo extraño que penetra por el ojo u orificio natural, en otro lugar especificado",W:44:8,1
679,Cuerpo extraño residual en tejido blando,M:79:5,1
680,Cálculo de conducto biliar con colecistitis,K:80:4,1
681,Cálculo de conducto biliar sin colangitis ni colecistitis,K:80:5,1
682,Cálculo de la vesícula biliar con otra colecistitis,K:80:1,1
683,Cálculo de la vesícula biliar sin colecistitis,K:80:2,1
684,Cálculo de las vías urinarias en otras enfermedades clasificadas en otra parte,N:22:8,1
685,"Cálculo de las vías urinarias inferiores, no especificado",N:21:9,1
686,Cálculo del riñón,N:20:0,1
687,Cálculo del riñón con cálculo del uréter,N:20:2,1
688,Cálculo del uréter,N:20:1,1
689,Cálculo en la uretra,N:21:1,1
690,"Cálculo urinario, no especificado",N:20:9,1
691,Cólera,A:00,1
692,Cólera debido a Vibrio cholerae 01 biotipo El Tor,A:00:1,1
693,Cólera sospechoso,A:00:9,1
694,"Cólico renal, no especificado",N:23,1
695,Dacrioadenitis,H:04:0,1
696,Dedo en gatillo,M:65:3,1
697,Dedo(s) supernumerario(s) de la mano,Q:69:0,1
698,Dedo(s) supernumerario(s) del pie,Q:69:2,1
699,Defecto de la coagulación postparto,O:72:3,2
700,"Defecto de la coagulación, no especificado",D:68:9,1
701,Defecto del tabique auricular,Q:21:1,1
702,Defecto del tabique auriculoventricular,Q:21:2,1
703,"Defecto del tabique cardíaco, adquirido",I:51:0,1
704,Defecto del tabique ventricular,Q:21:0,1
705,"Defecto por reducción del miembro superior, no especificado",Q:71:9,1
706,Deficiencia congénita de lactasa,E:73:0,1
707,Deficiencia de anticuerpos con inmunoglobulinas casi normales o con hiperinmunoglobulinemia,D:80:6,1
708,Deficiencia de hierro,E:61:1,1
709,Deficiencia de magnesio,E:61:2,1
710,Deficiencia de múltiples elementos nutricionales,E:61:7,1
711,Deficiencia de niacina [pelagra],E:52,1
712,Deficiencia de otras vitaminas,E:56:8,1
713,"Deficiencia de otro elemento nutricional, no especificado",E:61:9,1
714,Deficiencia de vitamina A,E:50,1
715,Deficiencia de vitamina A con ceguera nocturna,E:50:5,1
716,"Deficiencia de vitamina A, no especificada",E:50:9,1
717,"Deficiencia de vitamina B, no especificada",E:53:9,1
718,Deficiencia de vitamina E,E:56:0,1
719,Deficiencia de vitamina K,E:56:1,1
720,"Deficiencia de vitamina, no especificada",E:56:9,1
721,Deficiencia de ácido ascórbico,E:54,1
722,Deficiencia dietética de selenio,E:59,1
723,Deficiencia hereditaria de otros factores de la coagulación,D:68:2,1
724,Deficiencia hereditaria del factor VIII,D:66,1
725,"Deficiencia nutricional, no especificada",E:63:9,1
726,Deficiencia secundaria de lactasa,E:73:1,1
727,Deformidad adquirida de la pelvis,M:95:5,1
728,"Deformidad adquirida del miembro, no especificada",M:21:9,1
729,"Deformidad adquirida del sistema osteomuscular, no especificada",M:95:9,1
730,"Deformidad congénita de la cadera, no especificada",Q:65:9,1
731,Deformidad congénita de la columna vertebral,Q:67:5,1
732,Deformidad congénita de la mano,Q:68:1,1
733,Deformidad congénita de la rodilla,Q:68:2,1
734,"Deformidad congénita de los pies, no especificada",Q:66:9,1
735,Deformidad congénita del músculo esternocleidomastoideo,Q:68:0,1
736,Deformidad de dedo(s) de la mano,M:20:0,1
737,Deformidad de la órbita,H:05:3,1
738,"Deformidad en valgo, no clasificada en otra parte",M:21:0,1
739,"Deformidad en varo, no clasificada en otra parte",M:21:1,1
740,"Deformidades adquiridas de los dedos del pie, no especificadas",M:20:6,1
741,Deformidades congénitas de la cadera,Q:65,1
742,Deformidades congénitas de los pies,Q:66,1
743,"Degeneración del sistema nervioso, no especificada",G:31:9,1
744,"Degeneración grasa del hígado, no clasificada en otra parte",K:76:0,1
745,Dehiscencia de sutura de cesárea,O:90:0,2
746,Dehiscencia de sutura obstétrica perineal,O:90:1,2
747,Dengue Grave,A:91,1
748,Dengue con signos de alarma,A:90:1,1
749,Dengue sin signos de alarma,A:90,1
750,Depleción del volumen,E:86,1
751,Depresión cerebral neonatal,P:91:4,1
752,Dermatitis alérgica de contacto,L:23,1
753,Dermatitis alérgica de contacto debida a adhesivos,L:23:1,1
754,Dermatitis alérgica de contacto debida a alimentos en contacto con la piel,L:23:6,1
755,Dermatitis alérgica de contacto debida a colorantes,L:23:4,1
756,Dermatitis alérgica de contacto debida a cosméticos,L:23:2,1
757,Dermatitis alérgica de contacto debida a drogas en contacto con la piel,L:23:3,1
758,Dermatitis alérgica de contacto debida a metales,L:23:0,1
759,Dermatitis alérgica de contacto debida a otros agentes,L:23:8,1
760,Dermatitis alérgica de contacto debida a otros productos químicos,L:23:5,1
761,"Dermatitis alérgica de contacto debida a plantas, excepto las alimenticias",L:23:7,1
762,"Dermatitis alérgica de contacto, de causa no especificada",L:23:9,1
763,Dermatitis atópica,L:20,1
764,"Dermatitis atópica, no especificada",L:20:9,1
765,Dermatitis de contacto por irritantes,L:24,1
766,"Dermatitis de contacto por irritantes, de causa no especificada",L:24:9,1
767,"Dermatitis de contacto por irritantes, debida a cosméticos",L:24:3,1
768,"Dermatitis de contacto por irritantes, debida a detergentes",L:24:0,1
769,"Dermatitis de contacto por irritantes, debida a otros agentes",L:24:8,1
770,"Dermatitis de contacto, forma no especificada",L:25,1
771,"Dermatitis de contacto, forma no especificada, debida a alimentos en contacto con la piel",L:25:4,1
772,"Dermatitis de contacto, forma no especificada, debida a colorantes",L:25:2,1
773,"Dermatitis de contacto, forma no especificada, debida a cosméticos",L:25:0,1
774,"Dermatitis de contacto, forma no especificada, debida a otros agentes",L:25:8,1
775,"Dermatitis de contacto, forma no especificada, debida a plantas, excepto las alimenticias",L:25:5,1
776,"Dermatitis de contacto, forma y causa no especificadas",L:25:9,1
777,Dermatitis debida a ingestión de alimentos,L:27:2,1
778,Dermatitis debida a otras sustancias ingeridas,L:27:8,1
779,Dermatitis debida a sustancias ingeridas no especificadas,L:27:9,1
780,Dermatitis del pañal,L:22,1
781,Dermatitis exfoliativa,L:26,1
782,Dermatitis facticia,L:98:1,1
783,Dermatitis herpetiforme,L:13:0,1
784,Dermatitis infecciosa,L:30:3,1
785,Dermatitis numular,L:30:0,1
786,Dermatitis peribucal,L:71:0,1
787,Dermatitis por cercarias,B:65:3,1
788,Dermatitis pustulosa subcorneal,L:13:1,1
789,Dermatitis seborreica,L:21,1
790,Dermatitis seborreica infantil,L:21:1,1
791,"Dermatitis seborreica, no especificada",L:21:9,1
792,Dermatitis vesicular herpética,B:00:1,1
793,"Dermatitis, no especificada",L:30:9,1
794,Dermatofitosis,B:35,1
795,"Dermatofitosis, no especificada",B:35:9,1
796,Dermatosis acantolítica transitoria [Grover],L:11:1,1
797,Dermatosis neutrófila febril [Sweet],L:98:2,1
798,Dermatosis no infecciosa del párpado,H:01:1,1
799,Derrame pericárdico (no inflamatorio),I:31:3,1
800,Derrame pleural no clasificado en otra parte,J:90,1
801,Descarga uretral,R:36,1
802,Desequilibrio de los constituyentes en la dieta,E:63:1,1
803,"Desgarro de herida operatoria, no clasificado en otra parte",T:81:3,1
804,Desgarro obstétrico del cuello uterino,O:71:3,2
805,Desgarro perineal de cuarto grado durante el parto,O:70:3,2
806,Desgarro perineal de primer grado durante el parto,O:70:0,2
807,Desgarro perineal de segundo grado durante el parto,O:70:1,2
808,Desgarro perineal de tercer grado durante el parto,O:70:2,2
809,Desgarro perineal durante el parto,O:70,2
810,"Desgarro perineal durante el parto, de grado no especificado",O:70:9,2
811,Desgarro tentorial debido a traumatismo del nacimiento,P:10:4,1
812,"Desgarro vaginal obstétrico alto, sólo",O:71:4,2
813,Deshidratación del recién nacido,P:74:1,1
814,"Desmielinización diseminada aguda, sin otra especificación",G:36:9,1
815,Desmoralización y apatía,R:45:3,1
816,Desnutrición en el embarazo,O:25,2
817,"Desnutrición fetal, sin mención de peso o talla bajos para la edad gestacional",P:05:2,1
818,Desnutrición proteico calórica de grado moderado,E:44,1
819,Desnutrición proteicocalórica leve,E:44:1,1
820,Desnutrición proteicocalórica moderada,E:44:0,1
821,Desnutrición proteicocalórica severa,E:43,1
822,"Desnutrición proteicocalórica, no especificada",E:46,1
823,Desorientación no especificada,R:41:0,1
824,Desplazamiento congénito del cristalino,Q:12:1,1
825,Despolarización prematura nodal,I:49:2,1
826,Despolarización ventricular prematura,I:49:3,1
827,Desprendimiento prematuro de la placenta [abruptio placentae],O:45,2
828,Desprendimiento prematuro de la placenta con defecto de la coagulación,O:45:0,2
829,"Desprendimiento prematuro de la placenta, sin otra especificación",O:45:9,2
830,Desviación del tabique nasal,J:34:2,1
831,Detención del crecimiento epifisario,M:89:1,1
832,Detención del desarrollo del huevo y mola no hidatiforme,O:02:0,2
833,Dextrocardia,Q:24:0,1
834,Diabetes insípida,E:23:2,1
835,Diabetes mellitus asociada con desnutrición,E:12,5
836,Diabetes mellitus en el embarazo,O:24,2
837,Diabetes mellitus insulinodependiente,E:10,5
838,"Diabetes mellitus insulinodependiente, con complicaciones circulatorias  periféricas",E:10:5,1
839,"Diabetes mellitus insulinodependiente, con complicaciones neurológicas",E:10:4,1
840,Diabetes mellitus neonatal,P:70:2,1
841,"Diabetes mellitus no especificada, en el embarazo",O:24:9,2
842,Diabetes mellitus no insulinodependiente,E:11,5
843,"Diabetes mellitus no insulinodependiente, con complicaciones múltiples",E:11:7,1
844,"Diabetes mellitus no insulinodependiente, con complicaciones no especificadas",E:11:8,1
845,"Diabetes mellitus no insulinodependiente, sin mención de complicación",E:11:9,1
846,"Diabetes mellitus preexistente insulinodependiente, en el embarazo",O:24:0,2
847,"Diabetes mellitus preexistente no insulinodependiente, en el embarazo",O:24:1,2
848,"Diabetes mellitus preexistente relacionada con desnutrición, en el embarazo",O:24:2,2
849,"Diabetes mellitus preexistente, sin otra especificación, en el embarazo",O:24:3,2
850,Diabetes mellitus que se origina con el embarazo,O:24:4,2
851,"Diabetes mellitus, no especificada",E:14,1
852,"Diabetes mellitus, no especificada",E:14,5
853,"Diabetes mellitus, no especificada, con cetoacidosis",E:14:1,1
854,"Diabetes mellitus, no especificada, con coma",E:14:0,1
855,"Diabetes mellitus, no especificada, con complicaciones múltiples",E:14:7,1
856,"Diabetes mellitus, no especificada, sin mención de complicación",E:14:9,1
857,Diarrea funcional,K:59:1,1
858,Diarrea neonatal no infecciosa,P:78:3,1
859,Diarrea y gastroenteritis de presunto origen infeccioso,A:09,1
860,Dientes moteados,K:00:3,1
861,Dientes supernumerarios,K:00:1,1
862,Dificultad neonatal en la lactancia materna,P:92:5,1
863,"Dificultad para caminar, no clasificada en otra parte",R:26:2,1
864,Dificultad respiratoria del recién nacido,P:22,1
865,"Dificultad respiratoria del recién nacido, no especificada",P:22:9,1
866,Dificultades y mala administración de la alimentación,R:63:3,1
867,Dilatación aguda del estómago,K:31:0,1
868,Disartria y anartria,R:47:1,1
869,Discordancia de la conexión auriculoventricular,Q:20:5,1
870,Discordancia de la conexión ventriculoarterial,Q:20:3,1
871,Disentería (diarrea con sangre),A:09:1,1
872,Disentería amebiana aguda,A:06:0,1
873,Disfagia,R:13,1
874,Disfagia sideropénica,D:50:1,1
875,Disfonía,R:49:0,1
876,Disfunción autonómica somatomorfa,F:45:3,1
877,"Disfunción hipotalámica, no clasificada en otra parte",E:23:3,1
878,"Disfunción neuromuscular de la vejiga, no especificada",N:31:9,1
879,"Disfunción poliglandular, no especificada",E:31:9,1
880,Dishidrosis [ponfólix],L:30:1,1
881,"Disminución de la agudeza visual, sin especificación",H:54:7,1
882,Disminución indeterminada de la agudeza visual en ambos ojos,H:54:3,1
883,Dismorfismo debido a warfarina,Q:86:2,1
884,Disnea,R:06:0,1
885,Disostosis craneofacial,Q:75:1,1
886,Disostosis maxilofacial,Q:75:4,1
887,"Disparo de otras armas de fuego, y las no especificadas, en lugar no especificado",W:34:9,1
888,Dispepsia,K:30,1
889,Displasia broncopulmonar originada en el período perinatal,P:27:1,1
890,Displasia fibrosa (monostótica),M:85:0,1
891,"Displasia mamaria benigna, sin otra especificación",N:60:9,1
892,"Dispositivos neurológicos asociados con incidentes adversos, dispositivos de diagnóstico y monitoreo",Y:75:0,1
893,Disquinesia del esófago,K:22:4,1
894,Disritmia cardíaca neonatal,P:29:1,1
895,Distensión de la trompa de Eustaquio,H:69:0,1
896,Distensión muscular,M:62:6,1
897,Distimia,F:34:1,1
898,Distonía inducida por drogas,G:24:0,1
899,"Distonía, no especificada",G:24:9,1
900,Distrofia hereditaria de la retina,H:35:5,1
901,Distrofia muscular,G:71:0,1
902,Disuria,R:30:0,1
903,Divertículo de Meckel,Q:43:0,1
904,Diástasis del músculo,M:62:0,1
905,Dolor abdominal localizado en parte superior,R:10:1,1
906,Dolor abdominal y pélvico,R:10,1
907,Dolor agudo,R:52:0,1
908,Dolor crónico intratable,R:52:1,1
909,Dolor de garganta,R:07:0,1
910,Dolor de garganta y en el pecho,R:07,1
911,Dolor en articulación,M:25:5,1
912,Dolor en el pecho al respirar,R:07:1,1
913,"Dolor en el pecho, no especificado",R:07:4,1
914,Dolor en la columna dorsal,M:54:6,1
915,Dolor en miembro,M:79:6,1
916,Dolor localizado en otras partes inferiores del abdomen,R:10:3,1
917,Dolor ocular,H:57:1,1
918,Dolor precordial,R:07:2,1
919,Dolor pélvico y perineal,R:10:2,1
920,"Dolor, no clasificado en otra parte",R:52,1
921,"Dolor, no especificado",R:52:9,1
922,Dorsalgia,M:54,1
923,"Dorsalgia, no especificada",M:54:9,1
924,"Dorsopatía deformante, no especificada",M:43:9,1
925,Duodenitis,K:29:8,1
926,ETI/Enfermedad tipo Influenza,J:11:X,1
927,Eclampsia,O:15,2
928,Eclampsia durante el trabajo de parto,O:15:1,2
929,Eclampsia en el embarazo,O:15:0,2
930,Eclampsia en el puerperio,O:15:2,2
931,"Eclampsia, en período no especificado",O:15:9,2
932,Ectopia testicular,Q:53:0,1
933,Ectropión congénito,Q:10:1,1
934,Eczema herpético,B:00:0,1
935,Edema cerebral,G:93:6,1
936,Edema cerebral debido a traumatismo del nacimiento,P:11:0,1
937,Edema cerebral traumático,S:06:1,1
938,Edema de laringe,J:38:4,1
939,Edema generalizado,R:60:1,1
940,Edema gestacional,O:12:0,2
941,Edema gestacional con proteinuria,O:12:2,2
942,Edema localizado,R:60:0,1
943,Edema pulmonar,J:81,1
944,Edema y proteinuria gestacionales [inducidos por el embarazo] sin hipertensión,O:12,2
945,"Edema, no clasificado en otra parte",R:60,1
946,"Edema, no especificado",R:60:9,1
947,Efecto adverso no especificado,T:78:9,1
948,Efecto adverso no especificado de droga o medicamento,T:88:7,1
949,"Efecto de la presión del aire y del agua, no especificado",T:70:9,1
950,"Efecto del calor y de la luz, no especificado",T:67:9,1
951,"Efecto tóxico de Alcohol, no especificado",T:51:9,1
952,Efecto tóxico del Etanol (alcohol etílico),T:51:0,1
953,"Efectos adversos de agentes electrolíticos, calóricos y del equilibrio hídrico",Y:54:6,1
954,Efectos adversos de agentes inmunosupresores,Y:43:4,1
955,"Efectos adversos de agentes que afectan el sistema gastrointestinal, no especificados",Y:53:9,1
956,Efectos adversos de antialérgicos y antieméticos,Y:43:0,1
957,Efectos adversos de drogas antidiarreicas,Y:53:6,1
958,Efectos adversos de drogas contra el resfriado común,Y:55:5,1
959,Efectos adversos de drogas hipoglucemiantes orales e insulina [antidiabéticas],Y:42:3,1
960,Efectos adversos de eméticos,Y:53:7,1
961,Efectos adversos de glucocorticoides y análogos sintéticos,Y:42:0,1
962,"Efectos adversos de hormonas y sus sustitutos sintéticos y antagonistas, no clasificados en otra parte",Y:42,1
963,Efectos adversos de la vacuna BCG,Y:58:0,1
964,"Efectos adversos de otras vacunas bacterianas, y las no especificadas",Y:58:9,1
965,Efectos adversos de otras vacunas y sustancias biológicas especificadas,Y:59:8,1
966,"Efectos adversos de otras vacunas y sustancias biológicas, y las no especificadas",Y:59,1
967,"Efectos adversos de otros agentes que actúan primariamente sobre el sistema respiratorio, y los no especificados",Y:55:7,1
968,"Efectos adversos de sales minerales, no clasificadas en otra parte",Y:54:9,1
969,"Efectos adversos de vacunas bacterianas mixtas, excepto combinaciones con un componente pertusis",Y:58:8,1
970,Efectos adversos de vacunas o sustancias biológicas no especificadas,Y:59:9,1
971,Efectos adversos de vacunas virales,Y:59:0,1
972,"Efectos adversos, no clasificados en otra parte",T:78,1
973,"Efectos de privación, no especificados",T:73:9,1
974,Embarazo abdominal,O:00:0,2
975,Embarazo cuádruple,O:30:2,2
976,Embarazo doble,O:30:0,2
977,Embarazo ectópico,O:00,2
978,"Embarazo ectópico, no especificado",O:00:9,2
979,Embarazo múltiple,O:30,2
980,"Embarazo múltiple, no especificado",O:30:9,2
981,Embarazo ovárico,O:00:2,2
982,Embarazo prolongado,O:48,2
983,Embarazo que continúa después de la muerte intrauterina de un feto o más,O:31:2,2
984,Embarazo que continúa después del aborto de un feto o más,O:31:1,2
985,Embarazo triple,O:30:1,2
986,Embarazo tubárico,O:00:1,2
987,"Embolia consecutiva al aborto, al embarazo ectópico y al embarazo molar",O:08:2,2
988,"Embolia de coágulo sanguíneo, obstétrica",O:88:2,2
989,Embolia de líquido amniótico,O:88:1,2
990,"Embolia gaseosa, obstétrica",O:88:0,2
991,Embolia pulmonar,I:26,5
992,Embolia pulmonar sin mención de corazón pulmonar agudo,I:26:9,1
993,"Embolia séptica y piémica, obstétrica",O:88:3,2
994,Embolia y trombosis arteriales,I:74,5
995,Embolia y trombosis de arteria no especificada,I:74:9,1
996,Embolia y trombosis de vena no especificada,I:82:9,1
997,Enanismo tanatofórico,Q:77:1,1
998,"Enanismo, no clasificado en otra parte",E:34:3,1
999,Encefalitis,A:85:9,1
1000,Encefalitis de California,A:83:5,1
1001,Encefalitis equina del oeste,A:83:1,1
1002,"Encefalitis viral transmitida por garrapatas, sin otra especificación",A:84:9,1
1003,"Encefalitis viral, no especificada",A:86,1
1004,"Encefalitis, mielitis y encefalomielitis",G:04,1
1005,"Encefalitis, mielitis y encefalomielitis en enfermedades clasificadas en otra parte",G:05:8,1
1006,"Encefalitis, mielitis y encefalomielitis en otras enfermedades infecciosas y parasitarias clasificadas en otra parte",G:05:2,1
1007,"Encefalitis, mielitis y encefalomielitis, no especificadas",G:04:9,1
1008,Encefalocele,Q:01,1
1009,Encefalocele de otros sitios,Q:01:8,1
1010,Encefalocele frontal,Q:01:0,1
1011,Encefalocele nasofrontal,Q:01:1,1
1012,Encefalocele occipital,Q:01:2,1
1013,"Encefalocele, no especificado",Q:01:9,1
1014,Encefalopatía hipertensiva,I:67:4,1
1015,Encefalopatía no especificada,G:93:4,1
1016,Encefalopatía tóxica,G:92,1
1017,Encondromatosis,Q:78:4,1
1018,Endocarditis aguda y subaguda,I:33,5
1019,"Endocarditis aguda, no especificada",I:33:9,1
1020,Endocarditis debida a candida (I39.8*),B:37:6,1
1021,Endocarditis infecciosa aguda y subaguda,I:33:0,1
1022,Endocarditis y trastornos valvulares en enfermedades clasificadas en otra parte,I:39,5
1023,"Endocarditis, válvula no especificada",I:38,1
1024,"Endocarditis, válvula no especificada",I:38,5
1025,Endoftalmitis purulenta,H:44:0,1
1026,Enfermedad adhesiva del oído medio,H:74:1,1
1027,Enfermedad cardiorrenal hipertensiva,I:13,5
1028,Enfermedad cardiorrenal hipertensiva con insuficiencia cardíaca (congestiva),I:13:0,1
1029,"Enfermedad cardiorrenal hipertensiva preexistente que complica el embarazo, el parto y el puerperio",O:10:3,2
1030,"Enfermedad cardiovascular, no especificada",I:51:6,1
1031,Enfermedad cardíaca hipertensiva,I:11,5
1032,Enfermedad cardíaca hipertensiva con insuficiencia cardíaca (congestiva),I:11:0,1
1033,"Enfermedad cardíaca hipertensiva preexistente que complica el embarazo, el parto y el puerperio",O:10:1,2
1034,Enfermedad cardíaca hipertensiva sin insuficiencia cardíaca (congestiva),I:11:9,1
1035,"Enfermedad cardíaca, no especificada",I:51:9,1
1036,Enfermedad celíaca,K:90:0,1
1037,"Enfermedad cerebrovascular, no especificada",I:67:9,1
1038,Enfermedad cifoscoliótica del corazón,I:27:1,1
1039,"Enfermedad crónica de las amígdalas y de las adenoides, no especificada",J:35:9,1
1040,Enfermedad de Chagas (crónica) que afecta al corazón,B:57:2,1
1041,Enfermedad de Chagas aguda que no afecta al corazón,B:57:1,1
1042,Enfermedad de Crohn del intestino delgado,K:50:0,1
1043,"Enfermedad de Crohn, no especificada",K:50:9,1
1044,Enfermedad de Hirschsprung,Q:43:1,1
1045,Enfermedad de Hodgkin,C:81,5
1046,Enfermedad de Hodgkin con depleción linfocítica,C:81:3,1
1047,Enfermedad de Lyme,A:69:2,1
1048,Enfermedad de Ménière,H:81:0,1
1049,Enfermedad de Still de comienzo en el adulto,M:06:1,1
1050,"Enfermedad de glándula salival, no especificada",K:11:9,1
1051,"Enfermedad de la lengua, no especificada",K:14:9,1
1052,"Enfermedad de la médula espinal, no especificada",G:95:9,1
1053,Enfermedad de la orina en jarabe de arce,E:71:0,1
1054,"Enfermedad de la sangre y de los órganos hematopoyéticos, no especificada",D:75:9,1
1055,"Enfermedad de la válvula tricúspide, no especificada",I:07:9,1
1056,"Enfermedad de las vías biliares, no especificada",K:83:9,1
1057,"Enfermedad de las vías respiratorias superiores, no especificada",J:39:9,1
1058,"Enfermedad de los maxilares, no especificada",K:10:9,1
1059,"Enfermedad de los vasos capilares, no especificada",I:78:9,1
1060,"Enfermedad de múltiples válvulas, no especificada",I:08:9,1
1061,Enfermedad de transmisión sexual no especificada,A:64,1
1062,"Enfermedad debida a anquilostomas, no especificada",B:76:9,1
1063,"Enfermedad debida a protozoarios, no especificada",B:64,1
1064,"Enfermedad del ano y del recto, no especificada",K:62:9,1
1065,"Enfermedad del apéndice, no especificada",K:38:9,1
1066,"Enfermedad del estómago y del duodeno, no especificada",K:31:9,1
1067,"Enfermedad del esófago, no especificada",K:22:9,1
1068,"Enfermedad del hígado, no especificada",K:76:9,1
1069,"Enfermedad del intestino, no especificada",K:63:9,1
1070,"Enfermedad del pericardio, no especificada",I:31:9,1
1071,"Enfermedad del páncreas, no especificada",K:86:9,1
1072,Enfermedad del reflujo gastroesofágico,K:21,1
1073,Enfermedad del reflujo gastroesofágico con esofagitis,K:21:0,1
1074,Enfermedad del reflujo gastroesofágico sin esofagitis,K:21:9,1
1075,"Enfermedad del sistema digestivo, no especificada",K:92:9,1
1076,Enfermedad diverticular del intestino delgado con perforación y absceso,K:57:0,1
1077,"Enfermedad diverticular del intestino, parte no especificada, con perforación y absceso",K:57:8,1
1078,"Enfermedad diverticular del intestino, parte no especificada, sin perforación ni absceso",K:57:9,1
1079,Enfermedad hemolítica del feto y del recién nacido,P:55,1
1080,"Enfermedad hemolítica del feto y del recién nacido, no especificada",P:55:9,1
1081,Enfermedad hemorrágica del feto y del recién nacido,P:53,1
1082,Enfermedad herpética diseminada,B:00:7,1
1083,"Enfermedad infecciosa y parasitaria congénita, no especificada",P:37:9,1
1084,"Enfermedad infecciosa y parasitaria materna no especificada que complica el embarazo, el parto y el puerperio",O:98:9,2
1085,"Enfermedad intestinal debida a protozoarios, no especificada",A:07:9,1
1086,Enfermedad isquémica crónica del corazón,I:25,5
1087,"Enfermedad isquémica crónica del corazón, no especificada",I:25:9,1
1088,"Enfermedad parasitaria, no especificada",B:89,1
1089,"Enfermedad por VIH, resultante en encefalopatía",B:22:0,1
1090,"Enfermedad por VIH, resultante en enfermedad infecciosa o parasitaria no especificada",B:20:9,1
1091,"Enfermedad por VIH, resultante en infección por micobacterias",B:20:0,1
1092,"Enfermedad por VIH, resultante en linfadenopatía generalizada (persistente)",B:23:1,1
1093,"Enfermedad por VIH, resultante en neumonía por Pneumocystis carinii",B:20:6,1
1094,"Enfermedad por VIH, resultante en otras afecciones especificadas",B:23:8,1
1095,Enfermedad por Virus Zika,A:92:8,1
1096,"Enfermedad por el Virus de Inmunodeficiencia Humana [VIH] que complica el embarazo, parto y puerperio",O:98:7,2
1097,Enfermedad por virus Chikungunya,A:92:0,1
1098,"Enfermedad por virus citomegálico, no especificada",B:25:9,1
1099,"Enfermedad por virus de la inmunodeficiencia humana [VIH], resultante en enfermedades infecciosas y parasitarias",B:20,1
1100,"Enfermedad por virus de la inmunodeficiencia humana [VIH], sin otra especificación",B:24,1
1101,"Enfermedad pulmonar del corazón, no especificada",I:27:9,1
1102,"Enfermedad pulmonar intersticial, no especificada",J:84:9,1
1103,Enfermedad pulmonar obstructiva crónica con infección aguda de las vías respiratorias inferiores,J:44:0,1
1104,"Enfermedad pulmonar obstructiva crónica, no especificada",J:44:9,1
1105,Enfermedad renal hipertensiva,I:12,5
1106,"Enfermedad renal hipertensiva preexistente que complica el embarazo, el parto y el puerperio",O:10:2,2
1107,Enfermedad renal hipertensiva sin insuficiencia renal,I:12:9,1
1108,"Enfermedad renal tubulointersticial, no especificada",N:15:9,1
1109,Enfermedad respiratoria crónica no especificada originada en el período perinatal,P:27:9,1
1110,Enfermedad respiratoria crónica originada en el período perinatal,P:27,1
1111,"Enfermedad valvular aórtica reumática, no especificada",I:06:9,1
1112,"Enfermedad viral congénita, sin otra especificación",P:35:9,1
1113,"Enfermedades causadas por protozoarios que complican el embarazo, el parto y el puerperio",O:98:6,2
1114,Enfermedades de la lengua,K:14,1
1115,"Enfermedades de la piel y del tejido subcutáneo que complican el embarazo, el parto y el puerperio",O:99:7,2
1116,"Enfermedades de la tráquea y de los bronquios, no clasificadas en otra parte",J:98:0,1
1117,Enfermedades de los labios,K:13:0,1
1118,Enfermedades de los vasos capilares,I:78,5
1119,"Enfermedades del mediastino, no clasificadas en otra parte",J:98:5,1
1120,"Enfermedades del sistema circulatorio que complican el embarazo, el parto y el puerperio",O:99:4,2
1121,"Enfermedades del sistema digestivo que complican el embarazo, el parto y el puerperio",O:99:6,2
1122,"Enfermedades del sistema respiratorio que complican el embarazo, el parto y el puerperio",O:99:5,2
1123,"Enfermedades endocrinas, de la nutrición y del metabolismo que complican el embarazo, el parto y el puerperio",O:99:2,2
1124,Enfermedades inmunoproliferativas malignas,C:88,5
1125,"Enfermedades maternas infecciosas y parasitarias clasificables en otra parte, pero que complican el embarazo, el parto y el puerperio",O:98,2
1126,Enfermedades reumáticas de la válvula aórtica,I:06,5
1127,Enfermedades reumáticas de la válvula mitral,I:05,5
1128,Enfermedades reumáticas de la válvula tricúspide,I:07,5
1129,Enfermedades valvulares múltiples,I:08,5
1130,Enfermedades virales congénitas,P:35,1
1131,Enfisema intersticial,J:98:2,1
1132,Enfisema intersticial originado en el período perinatal,P:25:0,1
1133,"Enfisema intersticial y afecciones relacionadas, originadas en el período perinatal",P:25,1
1134,"Enfisema, no especificado",J:43:9,1
1135,"Engrosamiento epidérmico, no especificado",L:85:9,1
1136,Enoftalmia,H:05:4,1
1137,Enteritis debida a Campylobacter,A:04:5,1
1138,Enteritis debida a Salmonella,A:02:0,1
1139,Enteritis debida a Yersinia enterocolitica,A:04:6,1
1140,Enteritis debida a adenovirus,A:08:2,1
1141,Enteritis debida a rotavirus,A:08:0,1
1142,Enterobiasis,B:80,1
1143,Enterocolitis (crónica) ulcerativa,K:51:0,1
1144,Enterocolitis debida a Clostridium difficile,A:04:7,1
1145,Enterocolitis necrotizante del feto y del recién nacido,P:77,1
1146,"Entesopatía del miembro inferior, no especificada",M:76:9,1
1147,"Entesopatía, no especificada",M:77:9,1
1148,Entropión congénito,Q:10:2,1
1149,Entropión y triquiasis palpebral,H:02:0,1
1150,"Envenenamiento accidental por, y exposición a analgésicos no narcóticos, antipiréticos y antirreumáticos",X:40,1
1151,"Envenenamiento accidental por, y exposición a otras drogas, medicamentos y sustancias biológicas, y los no especificados, en lugar no especificado",X:44:9,1
1152,Envenenamiento por Aminoglucósidos,T:36:5,1
1153,"Envenenamiento por Antibióticos sistémicos, no especificados",T:36:9,1
1154,"Envenenamiento por Antigonadotrofinas, antiestrógenos y antiandrógenos, no clasificados en otra parte",T:38:6,1
1155,Envenenamiento por Antihelmínticos,T:37:4,1
1156,Envenenamiento por Drogas contra el catarro común,T:48:5,1
1157,Envenenamiento por Efecto tóxico de sustancia no especificada,T:65:9,1
1158,Envenenamiento por Efecto tóxico del contacto con animal venenoso no especificado,T:63:9,1
1159,Envenenamiento por Efectos tóxicos de otras sustancias especificadas,T:65:8,1
1160,Envenenamiento por Expectorantes,T:48:4,1
1161,Envenenamiento por Insulina y drogas hipoglucemiantes orales [antidiabéticas],T:38:3,1
1162,Envenenamiento por Otras drogas antiinflamatorias no esteroideas [DAINE],T:39:3,1
1163,Envenenamiento por Tetraciclinas,T:36:4,1
1164,Envenenamiento por Veneno de arañas,T:63:3,1
1165,Envenenamiento por Veneno de otros artrópodos,T:63:4,1
1166,Envenenamiento por Veneno de serpiente,T:63:0,1
1167,Envenenamiento por narcóticos y psicodislépticos [alucinógenos],T:40,1
1168,"Eosinofilia pulmonar, no clasificada en otra parte",J:82,1
1169,Epicondilitis lateral,M:77:1,1
1170,Epicondilitis media,M:77:0,1
1171,Epidermólisis bullosa simple,Q:81:0,1
1172,"Epidermólisis bullosa, no especificada",Q:81:9,1
1173,Epiglotitis aguda,J:05:1,1
1174,Epilepsia,G:40,1
1175,Epilepsia y síndromes epilépticos idiopáticos generalizados,G:40:3,1
1176,Epilepsia y síndromes epilépticos idiopáticos relacionados con localizaciones (focales) (parciales) y con ataques de inicio localizado,G:40:0,1
1177,Epilepsia y síndromes epilépticos sintomáticos relacionados con localizaciones (focales) (parciales) y con ataques parciales simples,G:40:1,1
1178,"Epilepsia, tipo no especificado",G:40:9,1
1179,Episodio depresivo,F:32,1
1180,Episodio depresivo leve,F:32:0,1
1181,"Episodio depresivo, no especificado",F:32:9,1
1182,Epispadias,Q:64:0,1
1183,Epistaxis,R:04:0,1
1184,Epífora,H:04:2,1
1185,Equimosis del cuero cabelludo debida a traumatismo del nacimiento,P:12:3,1
1186,Equimosis espontánea,R:23:3,1
1187,"Equinococosis, otra y la no especificada",B:67:9,1
1188,Erisipela,A:46,1
1189,Eritema ab igne [dermatitis ab igne],L:59:0,1
1190,Eritema anular centrífugo,L:53:1,1
1191,Eritema en enfermedades clasificadas en otra parte,L:54,1
1192,Eritema en otras enfermedades clasificadas en otra parte,L:54:8,1
1193,Eritema infeccioso [quinta enfermedad],B:08:3,1
1194,Eritema intertrigo,L:30:4,1
1195,Eritema marginado en la fiebre reumática aguda (I00+),L:54:0,1
1196,Eritema multiforme no flictenular,L:51:0,1
1197,"Eritema multiforme, no especificado",L:51:9,1
1198,Eritema tóxico,L:53:0,1
1199,Eritema tóxico neonatal,P:83:1,1
1200,Eritremia crónica,C:94:1,1
1201,Eritrocitosis familiar,D:75:0,1
1202,Eritrodermia ictiosiforme vesicular congénita,Q:80:3,1
1203,Erupción cutánea generalizada debida a drogas y medicamentos,L:27:0,1
1204,Erupción cutánea localizada debida a drogas y medicamentos,L:27:1,1
1205,Escabiosis,B:86,1
1206,Escarlatina,A:38,1
1207,Escherichia coli [E. coli] como causa de enfermedades clasificadas en otros capítulos,B:96:2,1
1208,Esclerema neonatal,P:83:0,1
1209,Esclerodactilia,L:94:3,1
1210,Escleroderma localizado [morfea],L:94:0,1
1211,Escoliosis toracogénica,M:41:3,1
1212,"Escoliosis, no especificada",M:41:9,1
1213,Esferocitosis hereditaria,D:58:0,1
1214,"Esfingolipidosis, no especificada",E:75:3,1
1215,Esguince y torcedura de la muñeca,S:63:5,1
1216,Esguinces y torceduras de dedo(s) del pie,S:93:5,1
1217,Esguinces y torceduras de otras partes y de las no especificadas de la cintura escapular,S:43:7,1
1218,Esguinces y torceduras de otras partes y de las no especificadas de la muñeca y de la mano,S:63:7,1
1219,Esguinces y torceduras de otras partes y las no especificadas de la rodilla,S:83:6,1
1220,Esguinces y torceduras de otros sitios y de los no especificados del pie,S:93:6,1
1221,Esguinces y torceduras del codo,S:53:4,1
1222,Esguinces y torceduras del maxilar,S:03:4,1
1223,Esguinces y torceduras del tobillo,S:93:4,1
1224,Esofagitis,K:20,1
1225,Espasmo anal,K:59:4,1
1226,Espasmo del esfínter de Oddi,K:83:4,1
1227,"Espasmo del píloro, no clasificado en otra parte",K:31:3,1
1228,Espasmo hemifacial clónico,G:51:3,1
1229,Espasmo laríngeo,J:38:5,1
1230,Espermatocele,N:43:4,1
1231,Espina bífida,Q:05,1
1232,Espina bífida cervical con hidrocéfalo,Q:05:0,1
1233,Espina bífida cervical sin hidrocéfalo,Q:05:5,1
1234,"Espina bífida con hidrocéfalo, sin otra especificación",Q:05:4,1
1235,Espina bífida lumbar con hidrocéfalo,Q:05:2,1
1236,Espina bífida lumbar sin hidrocéfalo,Q:05:7,1
1237,Espina bífida oculta,Q:76:0,1
1238,Espina bífida sacra con hidrocéfalo,Q:05:3,1
1239,Espina bífida sacra sin hidrocéfalo,Q:05:8,1
1240,"Espina bífida, no especificada",Q:05:9,1
1241,"Esplenomegalia, no clasificada en otra parte",R:16:1,1
1242,Espolón calcáneo,M:77:3,1
1243,Espolón de la cresta iliaca,M:76:2,1
1244,Espondilopatía en otras enfermedades clasificadas en otra parte,M:49:8,1
1245,Esprue tropical,K:90:1,1
1246,Esputo anormal,R:09:3,1
1247,Estado asmático,J:46,1
1248,Estado de mal epiléptico,G:41,1
1249,Estado de mal epiléptico de tipo no especificado,G:41:9,1
1250,Estado de pequeño mal epiléptico,G:41:1,1
1251,Estado migrañoso,G:43:2,1
1252,"Estafilococo no especificado, como causa de enfermedades clasificadas en otros capítulos",B:95:8,1
1253,Estenosis congénita de la vena cava,Q:26:0,1
1254,Estenosis congénita de la válvula pulmonar,Q:22:1,1
1255,Estenosis congénita de la válvula tricúspide,Q:22:4,1
1256,Estenosis de la aorta,Q:25:3,1
1257,Estenosis de la arteria pulmonar,Q:25:6,1
1258,Estenosis de la válvula pulmonar,I:37:0,1
1259,Estenosis de la válvula pulmonar con insuficiencia,I:37:2,1
1260,Estenosis del ano y del recto,K:62:4,1
1261,Estenosis del infundíbulo pulmonar,Q:24:3,1
1262,Estenosis e insuficiencia de las vías lagrimales,H:04:5,1
1263,Estenosis hipertrófica congénita del píloro,Q:40:0,1
1264,Estenosis mitral congénita,Q:23:2,1
1265,Estenosis pilórica hipertrófica del adulto,K:31:1,1
1266,Estenosis subaórtica congénita,Q:24:4,1
1267,Estenosis subglótica consecutiva a procedimientos,J:95:5,1
1268,Estenosis y estrechez congénitas del conducto lagrimal,Q:10:5,1
1269,Estomatitis aftosa recurrente,K:12:0,1
1270,Estomatitis candidiásica,B:37:0,1
1271,Estomatitis vesicular enteroviral con exantema,B:08:4,1
1272,Estomatitis y lesiones afines,K:12,1
1273,Estornudo,R:06:7,1
1274,Estrabismo concomitante convergente,H:50:0,1
1275,Estrabismo concomitante divergente,H:50:1,1
1276,"Estrabismo paralítico, no especificado",H:49:9,1
1277,"Estrabismo, no especificado",H:50:9,1
1278,Estrechez o estenosis del estómago en reloj de arena,K:31:2,1
1279,"Estrechez uretral, no especificada",N:35:9,1
1280,Estreptococo no especificado como causa de enfermedades clasificadas en otros capítulos,B:95:5,1
1281,Estridor,R:06:1,1
1282,Evidencias de laboratorio del virus de la inmunodeficiencia humana [VIH],R:75,1
1283,Exantema súbito [sexta enfermedad],B:08:2,1
1284,Exceso de estrógenos,E:28:0,1
1285,Exfoliación de los dientes debida a causas sistémicas,K:08:0,1
1286,Exoftalmia hipertiroidea (E05.-+),H:06:2,1
1287,"Explosión de fuegos artificiales, en vivienda",W:39:0,1
1288,Exposición a factores no especificados,X:59,1
1289,"Exposición a factores no especificados, en lugar no especificado",X:59:9,1
1290,"Exposición a fuego no controlado en edificio u otra construcción, en institución residencial",X:00:1,1
1291,"Exposición a otros factores ambientales y a los no especificados, de origen artificial, en lugar no especificado",W:99:9,1
1292,"Exposición a otros factores especificados, en lugar no especificado",X:58:9,1
1293,"Exposición a radiación de tipo no especificado, en escuelas, otras instituciones y áreas administrativas públicas",W:91:2,1
1294,Exónfalos,Q:79:2,1
1295,Factores psicológicos y del comportamiento asociados con trastornos o enfermedades clasificados en otra parte,F:54,1
1296,"Falla de la inducción médica del aborto, complicado por embolia",O:07:2,2
1297,"Falla de la inducción médica del aborto, complicado por hemorragia excesiva o tardía",O:07:1,2
1298,"Falla de la inducción médica del aborto, complicado por infección genital y pelviana",O:07:0,2
1299,"Falla de la inducción médica del aborto, con otras complicaciones y las no especificadas",O:07:3,2
1300,"Falla de la inducción médica del aborto, sin complicación",O:07:4,2
1301,Falla o dificultad de intubación durante el puerperio,O:89:6,2
1302,Falla o dificultad en la intubación durante el embarazo,O:29:6,2
1303,Falla o dificultad en la intubación durante el trabajo de parto y el parto,O:74:7,2
1304,Falso positivo en la prueba serológica para sífilis,R:76:2,1
1305,Falso trabajo de parto,O:47,2
1306,Falso trabajo de parto a las 37 y más semanas completas de gestación,O:47:1,2
1307,Falso trabajo de parto antes de las 37 semanas completas de gestación,O:47:0,2
1308,"Falso trabajo de parto, sin otra especificación",O:47:9,2
1309,Falta de consolidación de fractura [seudoartrosis],M:84:1,1
1310,Falta del desarrollo fisiológico normal esperado,R:62,1
1311,"Falta del desarrollo fisiológico normal esperado, sin otra especificación",R:62:9,1
1312,Faringitis aguda,J:02,1
1313,Faringitis aguda debida a otros microorganismos especificados,J:02:8,1
1314,"Faringitis aguda, no especificada",J:02:9,1
1315,Faringitis crónica,J:31:2,1
1316,Faringitis estreptocócica,J:02:0,1
1317,Faringitis vesicular enterovírica,B:08:5,1
1318,Faringoconjuntivitis viral,B:30:2,1
1319,Fasciculación,R:25:3,1
1320,Fascitis necrotizante,M:72:6,1
1321,"Fatiga por calor, transitoria",T:67:6,1
1322,Feto arlequín,Q:80:4,1
1323,Feto papiráceo,O:31:0,2
1324,Feto y recién nacido afectados por afección materna no especificada,P:00:9,1
1325,Feto y recién nacido afectados por alcoholismo de la madre,P:04:3,1
1326,"Feto y recién nacido afectados por anestesia y analgesia materna en el embarazo, en el trabajo de parto y en el parto",P:04:0,1
1327,Feto y recién nacido afectados por anormalidad no especificada de las membranas,P:02:9,1
1328,"Feto y recién nacido afectados por complicaciones de la placenta, del cordón umbilical y de las membranas",P:02,1
1329,Feto y recién nacido afectados por complicaciones maternas no especificadas del embarazo,P:01:9,1
1330,Feto y recién nacido afectados por complicaciones no especificadas del trabajo de parto y del parto,P:03:9,1
1331,Feto y recién nacido afectados por condiciones de la madre no necesariamente relacionadas con el embarazo presente,P:00,1
1332,Feto y recién nacido afectados por corioamnionitis,P:02:7,1
1333,Feto y recién nacido afectados por embarazo ectópico,P:01:4,1
1334,Feto y recién nacido afectados por embarazo múltiple,P:01:5,1
1335,Feto y recién nacido afectados por enfermedades infecciosas y parasitarias de la madre,P:00:2,1
1336,Feto y recién nacido afectados por enfermedades renales y de las vías urinarias de la madre,P:00:1,1
1337,Feto y recién nacido afectados por incompetencia del cuello uterino,P:01:0,1
1338,"Feto y recién nacido afectados por influencias nocivas de la madre, no especificadas",P:04:9,1
1339,Feto y recién nacido afectados por influencias nocivas transmitidas a través de la placenta o de la leche materna,P:04,1
1340,Feto y recién nacido afectados por muerte materna,P:01:6,1
1341,Feto y recién nacido afectados por otra compresión del cordón umbilical,P:02:5,1
1342,"Feto y recién nacido afectados por otra presentación anómala, posición anómala y desproporción durante el trabajo de parto y el parto",P:03:1,1
1343,Feto y recién nacido afectados por otras afecciones maternas,P:00:8,1
1344,Feto y recién nacido afectados por otras anormalidades de las membranas,P:02:8,1
1345,Feto y recién nacido afectados por otras complicaciones del cordón umbilical y las no especificadas,P:02:6,1
1346,Feto y recién nacido afectados por otras complicaciones del trabajo de parto y del parto,P:03,1
1347,Feto y recién nacido afectados por otras complicaciones especificadas del trabajo de parto y del parto,P:03:8,1
1348,Feto y recién nacido afectados por otras complicaciones maternas del embarazo,P:01:8,1
1349,Feto y recién nacido afectados por otras enfermedades circulatorias y respiratorias de la madre,P:00:3,1
1350,Feto y recién nacido afectados por otras formas de desprendimiento y de hemorragia placentarios,P:02:1,1
1351,Feto y recién nacido afectados por otras influencias nocivas de la madre,P:04:8,1
1352,Feto y recién nacido afectados por otras medicaciones maternas,P:04:1,1
1353,"Feto y recién nacido afectados por otro procedimiento médico en la madre, no clasificado en otra parte",P:00:7,1
1354,Feto y recién nacido afectados por parto con fórceps,P:03:2,1
1355,Feto y recién nacido afectados por parto precipitado,P:03:5,1
1356,Feto y recién nacido afectados por parto y extracción de nalgas,P:03:0,1
1357,Feto y recién nacido afectados por placenta previa,P:02:0,1
1358,Feto y recién nacido afectados por polihidramnios,P:01:3,1
1359,Feto y recién nacido afectados por presentación anómala antes del trabajo de parto,P:01:7,1
1360,Feto y recién nacido afectados por procedimiento quirúrgico en la madre,P:00:6,1
1361,Feto y recién nacido afectados por prolapso del cordón umbilical,P:02:4,1
1362,Feto y recién nacido afectados por ruptura prematura de las membranas,P:01:1,1
1363,Feto y recién nacido afectados por síndromes de transfusión placentaria,P:02:3,1
1364,Feto y recién nacido afectados por tabaquismo de la madre,P:04:2,1
1365,Feto y recién nacido afectados por trastornos hipertensivos de la madre,P:00:0,1
1366,Feto y recién nacido afectados por trastornos nutricionales de la madre,P:00:4,1
1367,Feto y recién nacido afectados por traumatismo de la madre,P:00:5,1
1368,Fibrilación y aleteo auricular,I:48,1
1369,Fibrilación y aleteo auricular,I:48,5
1370,Fibrilación y aleteo ventricular,I:49:0,1
1371,Fibroelastosis endocárdica,I:42:4,1
1372,Fibromatosis seudosarcomatosa,M:72:4,1
1373,Fibrosis quística con manifestaciones intestinales,E:84:1,1
1374,Fibrosis quística con otras manifestaciones,E:84:8,1
1375,"Fibrosis quística, sin otra especificación",E:84:9,1
1376,Fibrosis y afecciones cicatriciales de la piel,L:90:5,1
1377,Fiebre Q,A:78,1
1378,Fiebre Tifoidea sospechosa,A:01:5,1
1379,Fiebre amarilla,A:95,1
1380,Fiebre amarilla,A:95:9,1
1381,Fiebre con escalofrío,R:50:0,1
1382,Fiebre de origen desconocido,R:50,1
1383,Fiebre hemorrágica de Crimea-Congo,A:98:0,1
1384,"Fiebre maculosa, no especificada",A:77:9,1
1385,"Fiebre paratifoidea, no especificada",A:01:4,1
1386,Fiebre persistente,R:50:1,1
1387,"Fiebre recurrente, no especificada",A:68:9,1
1388,Fiebre reumática con complicación cardíaca,I:01,1
1389,Fiebre reumática con complicación cardíaca,I:01,5
1390,Fiebre reumática sin mención de complicación cardíaca,I:00,1
1391,Fiebre reumática sin mención de complicación cardíaca,I:00,5
1392,Fiebre tifoidea,A:01:0,1
1393,"Fiebre viral hemorrágica, no especificada",A:99,1
1394,"Fiebre viral transmitida por artrópodos, no especificada",A:94,1
1395,"Fiebre viral transmitida por mosquito, sin otra especificación",A:92:9,1
1396,"Fiebre, no especificada",R:50:9,1
1397,Fiebres recurrentes,A:68,1
1398,Fiebres tifoidea y paratifoidea,A:01,1
1399,Fisura anal aguda,K:60:0,1
1400,"Fisura anal, no especificada",K:60:2,1
1401,Fisura del paladar,Q:35,1
1402,Fisura del paladar blando,Q:35:3,1
1403,Fisura del paladar blando con labio leporino bilateral,Q:37:2,1
1404,Fisura del paladar blando con labio leporino unilateral,Q:37:3,1
1405,Fisura del paladar con labio leporino,Q:37,1
1406,"Fisura del paladar con labio leporino bilateral, sin otra especificación",Q:37:8,1
1407,"Fisura del paladar con labio leporino unilateral, sin otra especificación",Q:37:9,1
1408,Fisura del paladar duro,Q:35:1,1
1409,Fisura del paladar duro con labio leporino bilateral,Q:37:0,1
1410,Fisura del paladar duro con labio leporino unilateral,Q:37:1,1
1411,Fisura del paladar duro y del paladar blando,Q:35:5,1
1412,Fisura del paladar duro y del paladar blando con labio leporino bilateral,Q:37:4,1
1413,Fisura del paladar duro y del paladar blando con labio leporino unilateral,Q:37:5,1
1414,"Fisura del paladar, sin otra especificación",Q:35:9,1
1415,Fisuras del pezón asociadas con el parto,O:92:1,2
1416,Flatulencia y afecciones afines,R:14,1
1417,Flebectasia congénita,Q:27:4,1
1418,Flebitis y tromboflebitis,I:80,5
1419,Flebitis y tromboflebitis de otros sitios,I:80:8,1
1420,Flebitis y tromboflebitis de sitio no especificado,I:80:9,1
1421,Flebitis y tromboflebitis de vasos superficiales de los miembros inferiores,I:80:0,1
1422,Flebotrombosis profunda en el embarazo,O:22:3,2
1423,Flebotrombosis profunda en el puerperio,O:87:1,2
1424,Fobias sociales,F:40:1,1
1425,"Focomelia, miembro(s) no especificado(s)",Q:73:1,1
1426,Foliculitis decalvante,L:66:2,1
1427,Foliculitis uleritematosa reticulada,L:66:4,1
1428,Fracaso de la inducción del trabajo de parto,O:61,2
1429,Fracaso de la inducción instrumental del trabajo de parto,O:61:1,2
1430,Fracaso de la inducción médica del trabajo de parto,O:61:0,2
1431,"Fracaso de la prueba del trabajo de parto, no especificada",O:66:4,2
1432,Fracaso no especificado de la aplicación de fórceps o de ventosa extractora,O:66:5,2
1433,Fracaso no especificado de la inducción del trabajo de parto,O:61:9,2
1434,Fractura a nivel de la muñeca y de la mano,S:62,1
1435,Fractura de costilla,S:22:3,1
1436,Fractura de hueso del metatarso,S:92:3,1
1437,Fractura de la base del cráneo,S:02:1,1
1438,Fractura de la bóveda del cráneo,S:02:0,1
1439,Fractura de la clavícula,S:42:0,1
1440,Fractura de la clavícula debida a traumatismo del nacimiento,P:13:4,1
1441,"Fractura de la columna vertebral, nivel no especificado",T:08,1
1442,Fractura de la diáfisis de la tibia,S:82:2,1
1443,Fractura de la diáfisis del cúbito,S:52:2,1
1444,Fractura de la diáfisis del cúbito y del radio,S:52:4,1
1445,Fractura de la diáfisis del fémur,S:72:3,1
1446,Fractura de la diáfisis del húmero,S:42:3,1
1447,Fractura de la diáfisis del radio,S:52:3,1
1448,Fractura de la epífisis inferior de la tibia,S:82:3,1
1449,Fractura de la epífisis inferior del cúbito y del radio,S:52:6,1
1450,Fractura de la epífisis inferior del húmero,S:42:4,1
1451,Fractura de la epífisis inferior del radio,S:52:5,1
1452,Fractura de la epífisis superior de la tibia,S:82:1,1
1453,Fractura de la epífisis superior del cúbito,S:52:0,1
1454,Fractura de la epífisis superior del húmero,S:42:2,1
1455,Fractura de la epífisis superior del radio,S:52:1,1
1456,"Fractura de la pierna, parte no especificada",S:82:9,1
1457,Fractura de los dientes,S:02:5,1
1458,Fractura de los huesos de la nariz,S:02:2,1
1459,"Fractura de miembro inferior, nivel no especificado",T:12,1
1460,"Fractura de miembro superior, nivel no especificado",T:10,1
1461,Fractura de otras partes de la pierna,S:82:8,1
1462,Fractura de otras partes del antebrazo,S:52:8,1
1463,Fractura de otras partes del cuello,S:12:8,1
1464,Fractura de otras partes del hombro y del brazo,S:42:8,1
1465,Fractura de otras partes y de las no especificadas de la columna lumbar y de la pelvis,S:32:8,1
1466,Fractura de otras partes y de las no especificadas de la muñeca y de la mano,S:62:8,1
1467,Fractura de otro dedo de la mano,S:62:6,1
1468,Fractura de otros huesos del cráneo y de la cara,S:02:8,1
1469,Fractura de región no especificada del cuerpo,T:14:2,1
1470,Fractura de vértebra torácica,S:22:0,1
1471,Fractura del antebrazo,S:52,1
1472,"Fractura del antebrazo, parte no especificada",S:52:9,1
1473,Fractura del calcáneo,S:92:0,1
1474,Fractura del cráneo debida a traumatismo del nacimiento,P:13:0,1
1475,"Fractura del cráneo y de los huesos de la cara, parte no  especificada",S:02:9,1
1476,Fractura del cuello,S:12,1
1477,Fractura del cuello de fémur,S:72:0,1
1478,"Fractura del cuello, parte no especificada",S:12:9,1
1479,Fractura del cóccix,S:32:2,1
1480,Fractura del fémur,S:72,1
1481,"Fractura del fémur, parte no especificada",S:72:9,1
1482,Fractura del hombro y del brazo,S:42,1
1483,"Fractura del hombro y del brazo, parte no especificada",S:42:9,1
1484,Fractura del hueso escafoides [navicular] de la mano,S:62:0,1
1485,Fractura del malar y del hueso maxilar superior,S:02:4,1
1486,Fractura del maléolo interno,S:82:5,1
1487,Fractura del peroné solamente,S:82:4,1
1488,"Fractura del pie, excepto del tobillo",S:92,1
1489,"Fractura del pie, no especificada",S:92:9,1
1490,Fractura del pulgar,S:62:5,1
1491,"Fractura del tórax óseo, parte no especificada",S:22:9,1
1492,"Fractura patológica, no clasificada en otra parte",M:84:4,1
1493,Fracturas de otras partes del fémur,S:72:8,1
1494,Fracturas múltiples de costillas,S:22:4,1
1495,Fracturas múltiples de huesos metacarpianos,S:62:4,1
1496,Fracturas múltiples de los dedos de la mano,S:62:7,1
1497,Fracturas múltiples del antebrazo,S:52:7,1
1498,Fracturas múltiples del pie,S:92:7,1
1499,"Fracturas múltiples, no especificadas",T:02:9,1
1500,Fracturas que afectan múltiples regiones de un miembro inferior,T:02:3,1
1501,Fracturas que afectan múltiples regiones de un miembro superior,T:02:2,1
1502,Fracturas que afectan otras combinaciones de las regiones del cuerpo,T:02:8,1
1503,Fuga disociativa,F:44:1,1
1504,Funcionamiento defectuoso de la traqueostomía,J:95:0,1
1505,Fusión de labios de la vulva,Q:52:5,1
1506,Fusión de los dedos de la mano,Q:70:0,1
1507,Fusión de los dedos del pie,Q:70:2,1
1508,Fístula anal,K:60:3,1
1509,Fístula anorrectal,K:60:5,1
1510,Fístula congénita del recto y del ano,Q:43:6,1
1511,Fístula de la uretra,N:36:0,1
1512,Fístula del estómago y del duodeno,K:31:6,1
1513,Fístula del intestino,K:63:2,1
1514,Fístula rectal,K:60:4,1
1515,Fístula rectovaginal congénita,Q:52:2,1
1516,Fístula traqueoesofágica congénita sin mención de atresia,Q:39:2,1
1517,Galactorrea,O:92:6,2
1518,Galactorrea no asociada con el parto,N:64:3,1
1519,Ganglión,M:67:4,1
1520,"Gangrena, no clasificada en otra parte",R:02,1
1521,Gas lacrimógeno,T:59:3,1
1522,"Gases, humos y vapores no especificados",T:59:9,1
1523,Gastritis aguda hemorrágica,K:29:0,1
1524,Gastritis alcohólica,K:29:2,1
1525,Gastritis crónica superficial,K:29:3,1
1526,"Gastritis crónica, no especificada",K:29:5,1
1527,Gastritis y duodenitis,K:29,1
1528,"Gastritis, no especificada",K:29:7,1
1529,"Gastroduodenitis, no especificada",K:29:9,1
1530,Gastroenteropatía aguda debida al agente de Norwalk,A:08:1,1
1531,Gastrosquisis,Q:79:3,1
1532,Gemelos siameses,Q:89:4,1
1533,Giardiasis [lambliasis],A:07:1,1
1534,Gingivitis aguda,K:05:0,1
1535,Gingivitis crónica,K:05:1,1
1536,Gingivitis y enfermedades periodontales,K:05,1
1537,Gingivoestomatitis y faringoamigdalitis herpética,B:00:2,1
1538,"Glaucoma, no especificado",H:40:9,1
1539,Glositis,K:14:0,1
1540,Golpe contra o golpeado por otros objetos,W:22,1
1541,"Golpe contra o golpeado por otros objetos, en lugar no especificado",W:22:9,1
1542,"Golpe contra o golpeado por otros objetos, en otro lugar especificado",W:22:8,1
1543,"Golpe contra o golpeado por otros objetos, en vivienda",W:22:0,1
1544,Golpe de calor e insolación,T:67:0,1
1545,Goma y úlceras de frambesia,A:66:4,1
1546,"Gonartrosis primaria, bilateral",M:17:0,1
1547,"Gonorrea que complica el embarazo, el parto y el puerperio",O:98:2,2
1548,Gota,M:10,1
1549,Gota inducida por drogas,M:10:2,1
1550,"Gota, no especificada",M:10:9,1
1551,Granuloma actínico,L:57:5,1
1552,Granuloma anular,L:92:0,1
1553,Granuloma facial [granuloma eosinófilo de la piel],L:92:2,1
1554,Granuloma inguinal,A:58,1
1555,Granuloma piógeno,L:98:0,1
1556,Granuloma por cuerpo extraño en la piel y en el tejido subcutáneo,L:92:3,1
1557,"Granuloma por cuerpo extraño en tejido blando, no clasificado en otra parte",M:60:2,1
1558,Granuloma y lesiones semejantes de la mucosa bucal,K:13:4,1
1559,Hallazgo anormal no especificado en el examen prenatal de la madre,O:28:9,2
1560,Hallazgo bioquímico anormal en el examen prenatal de la madre,O:28:1,2
1561,Hallazgo citológico anormal en el examen prenatal de la madre,O:28:2,2
1562,Hallazgo cromosómico o genético anormal en el examen prenatal de la madre,O:28:5,2
1563,Hallazgo de otras drogas potencialmente adictivas en la sangre,R:78:4,1
1564,Hallazgo hematológico anormal en el examen prenatal de la madre,O:28:0,2
1565,Hallazgo radiológico anormal en el examen prenatal de la madre,O:28:4,2
1566,Hallazgo ultrasónico anormal en el examen prenatal de la madre,O:28:3,2
1567,Hallazgos anormales en diagnóstico por imagen de la mama,R:92,1
1568,Hallazgos anormales en diagnóstico por imagen del corazón y de la circulación coronaria,R:93:1,1
1569,"Hallazgos anormales en diagnóstico por imagen del cráneo y de la cabeza, no clasificados en otra parte",R:93:0,1
1570,Hallazgos anormales en diagnóstico por imagen del sistema nervioso central,R:90,1
1571,Hallazgos anormales en el examen microbiológico de la orina,R:82:7,1
1572,Hallazgos anormales en el examen prenatal de la madre,O:28,2
1573,"Hallazgos anormales en el líquido cefalorraquídeo, hallazgos anormales, no especificados",R:83:9,1
1574,"Helmintiasis intestinal, sin otra especificación",B:82:0,1
1575,"Helmintiasis, no especificada",B:83:9,1
1576,Hemangioma y linfangioma de cualquier sitio,D:18,1
1577,"Hemangioma, de cualquier sitio",D:18:0,1
1578,Hematemesis,K:92:0,1
1579,Hematemesis neonatal,P:54:0,1
1580,Hematemesis y melena neonatales debidas a la deglución de sangre materna,P:78:2,1
1581,Hematoma de herida quirúrgica obstétrica,O:90:2,2
1582,Hematoma obstétrico de la pelvis,O:71:7,2
1583,Hematuria recurrente y persistente,N:02,1
1584,"Hematuria recurrente y persistente, no especificada",N:02:9,1
1585,"Hematuria, no especificada",R:31,1
1586,"Hemiplejía, no especificada",G:81:9,1
1587,Hemopericardio como complicación presente posterior al infarto agudo del miocardio,I:23:0,1
1588,"Hemopericardio, no clasificado en otra parte",I:31:2,1
1589,Hemoperitoneo,K:66:1,1
1590,Hemoptisis,R:04:2,1
1591,Hemorragia anteparto con defecto de la coagulación,O:46:0,2
1592,"Hemorragia anteparto, no clasificada en otra parte",O:46,2
1593,"Hemorragia anteparto, no especificada",O:46:9,2
1594,Hemorragia cerebelosa y de la fosa posterior (no traumática) del feto y del recién nacido,P:52:6,1
1595,Hemorragia cerebral debida a traumatismo del nacimiento,P:10:1,1
1596,Hemorragia conjuntival,H:11:3,1
1597,Hemorragia cutánea neonatal,P:54:5,1
1598,Hemorragia de la garganta,R:04:1,1
1599,"Hemorragia de las vías respiratorias, no especificada",R:04:9,1
1600,Hemorragia del ano y del recto,K:62:5,1
1601,Hemorragia del tercer período del parto,O:72:0,2
1602,Hemorragia epidural,S:06:4,1
1603,"Hemorragia excesiva o tardía consecutiva al aborto, al embarazo ectópico y al embarazo molar",O:08:1,2
1604,"Hemorragia gastrointestinal, no especificada",K:92:2,1
1605,Hemorragia intracerebral (no traumática) del feto y del recién nacido,P:52:4,1
1606,"Hemorragia intracraneal (no traumática) del feto y del recién nacido, sin otra especificación",P:52:9,1
1607,"Hemorragia intracraneal (no traumática), no especificada",I:62:9,1
1608,Hemorragia intraencefálica,I:61,5
1609,Hemorragia intraencefálica de localizaciones múltiples,I:61:6,1
1610,"Hemorragia intraencefálica, intraventricular",I:61:5,1
1611,"Hemorragia intraencefálica, no especificada",I:61:9,1
1612,Hemorragia intraparto con defectos de la coagulación,O:67:0,2
1613,"Hemorragia intraparto, no especificada",O:67:9,2
1614,"Hemorragia intraventricular (no traumática) del feto y del recién nacido, sin otra especificación",P:52:3,1
1615,"Hemorragia intraventricular (no traumática) grado 1, del feto y del recién nacido",P:52:0,1
1616,"Hemorragia intraventricular (no traumática) grado 2, del feto y del recién nacido",P:52:1,1
1617,"Hemorragia intraventricular (no traumática) grado 3, del feto y del recién nacido",P:52:2,1
1618,Hemorragia intraventricular debida a traumatismo del nacimiento,P:10:2,1
1619,"Hemorragia neonatal, no especificada",P:54:9,1
1620,Hemorragia postparto,O:72,2
1621,Hemorragia postparto secundaria o tardía,O:72:2,2
1622,Hemorragia precoz del embarazo,O:20,2
1623,"Hemorragia precoz del embarazo, sin otra especificación",O:20:9,2
1624,Hemorragia pulmonar masiva originada en el período perinatal,P:26:1,1
1625,"Hemorragia pulmonar no especificada, originada en el período perinatal",P:26:9,1
1626,Hemorragia pulmonar originada en el período perinatal,P:26,1
1627,Hemorragia rectal neonatal,P:54:2,1
1628,Hemorragia subaracnoidea,I:60,1
1629,Hemorragia subaracnoidea,I:60,5
1630,Hemorragia subaracnoidea (no traumática) del feto y del recién nacido,P:52:5,1
1631,Hemorragia subaracnoidea de arteria intracraneal no especificada,I:60:7,1
1632,Hemorragia subaracnoidea de arteria vertebral,I:60:5,1
1633,Hemorragia subaracnoidea debida a traumatismo del nacimiento,P:10:3,1
1634,Hemorragia subaracnoidea traumática,S:06:6,1
1635,"Hemorragia subaracnoidea, no especificada",I:60:9,1
1636,Hemorragia subdural (aguda) (no traumática),I:62:0,1
1637,Hemorragia subdural debida a traumatismo del nacimiento,P:10:0,1
1638,Hemorragia subdural traumática,S:06:5,1
1639,Hemorragia suprarrenal neonatal,P:54:4,1
1640,Hemorragia traqueobronquial originada en el período perinatal,P:26:0,1
1641,Hemorragia traumática secundaria y recurrente,T:79:2,1
1642,Hemorragia umbilical del recién nacido,P:51,1
1643,"Hemorragia umbilical del recién nacido, sin otra especificación",P:51:9,1
1644,Hemorragia umbilical masiva del recién nacido,P:51:0,1
1645,Hemorragia vaginal neonatal,P:54:6,1
1646,"Hemorragia y hematoma que complican un procedimiento, no clasificados en otra parte",T:81:0,1
1647,Hemorragia y laceración intracraneal debidas a traumatismo del nacimiento,P:10,1
1648,"Hemorragia y laceración intracraneales no especificadas, debidas a traumatismo del nacimiento",P:10:9,1
1649,"Hemorragia, no clasificada en otra parte",R:58,1
1650,Hemorragias de las vías respiratorias,R:04,1
1651,Hemorroides,I:84,5
1652,Hemorroides en el embarazo,O:22:4,2
1653,Hemorroides en el puerperio,O:87:2,2
1654,Hemorroides internas sin complicación,I:84:2,1
1655,"Hemorroides no especificadas, sin complicación",I:84:9,1
1656,Hemotórax,J:94:2,1
1657,Hepatitis aguda tipo A,B:15,1
1658,"Hepatitis aguda tipo A, con coma hepático",B:15:0,1
1659,"Hepatitis aguda tipo A, sin coma hepático",B:15:9,1
1660,Hepatitis aguda tipo B,B:16,1
1661,"Hepatitis aguda tipo B, con agente delta (coinfección), con coma hepático",B:16:0,1
1662,"Hepatitis aguda tipo B, sin agente delta y sin coma hepático",B:16:9,1
1663,"Hepatitis aguda tipo B, sin agente delta, con coma hepático",B:16:2,1
1664,"Hepatitis aguda tipo B, sin especificación",B:16:X,1
1665,"Hepatitis crónica persistente, no clasificada en otra parte",K:73:0,1
1666,"Hepatitis crónica, no especificada",K:73:9,1
1667,Hepatitis reactiva no específica,K:75:2,1
1668,Hepatitis viral,K:75:9,1
1669,Hepatitis viral congénita,P:35:3,1
1670,"Hepatitis viral crónica, sin otra especificación",B:18:9,1
1671,Hepatitis viral no especificada con coma,B:19:0,1
1672,Hepatitis viral no especificada sin coma,B:19:9,1
1673,"Hepatitis viral que complica el embarazo, el parto y el puerperio",O:98:4,2
1674,"Hepatomegalia con esplenomegalia, no clasificadas en otra parte",R:16:2,1
1675,"Hepatomegalia, no clasificada en otra parte",R:16:0,1
1676,Herbicidas y fungicidas,T:60:3,1
1677,"Herida de cuello, parte no especificada",S:11:9,1
1678,"Herida de dedo(s) de la mano, con daño de la(s) uña(s)",S:61:1,1
1679,"Herida de dedo(s) de la mano, sin daño de la(s) uña(s)",S:61:0,1
1680,Herida de dedo(s) del pie con daño de la(s) uña(s),S:91:2,1
1681,Herida de dedo(s) del pie sin daño de la(s) uña(s),S:91:1,1
1682,Herida de la cabeza,S:01,1
1683,"Herida de la cabeza, parte no especificada",S:01:9,1
1684,Herida de la cadera,S:71:0,1
1685,"Herida de la muñeca y de la mano, parte no especificada",S:61:9,1
1686,Herida de la nariz,S:01:2,1
1687,Herida de la pared abdominal,S:31:1,1
1688,Herida de la pierna,S:81,1
1689,"Herida de la pierna, parte no especificada",S:81:9,1
1690,Herida de la región lumbosacra y de la pelvis,S:31:0,1
1691,Herida de la rodilla,S:81:0,1
1692,Herida de la vagina y de la vulva,S:31:4,1
1693,"Herida de miembro inferior, nivel no especificado",T:13:1,1
1694,"Herida de miembro superior, nivel no especificado",T:11:1,1
1695,Herida de otras partes de la cabeza,S:01:8,1
1696,Herida de otras partes de la muñeca y de la mano,S:61:8,1
1697,Herida de otras partes de la pierna,S:81:8,1
1698,Herida de otras partes del antebrazo,S:51:8,1
1699,Herida de otras partes del pie,S:91:3,1
1700,Herida de otras partes y de las no especificadas de la cintura pélvica,S:71:8,1
1701,Herida de otras partes y de las no especificadas del hombro y del brazo,S:41:8,1
1702,Herida de región no especificada del cuerpo,T:14:1,1
1703,"Herida del antebrazo, parte no especificada",S:51:9,1
1704,Herida del brazo,S:41:1,1
1705,Herida del cuero cabelludo,S:01:0,1
1706,Herida del escroto y de los testículos,S:31:3,1
1707,Herida del labio y de la cavidad bucal,S:01:5,1
1708,Herida del muslo,S:71:1,1
1709,Herida del oído,S:01:3,1
1710,Herida del pene,S:31:2,1
1711,Herida del párpado y de la región periocular,S:01:1,1
1712,Herida del tobillo,S:91:0,1
1713,"Herida del tronco, nivel no especificado",T:09:1,1
1714,"Herida del tórax, parte no especificada",S:21:9,1
1715,Herida penetrante del globo ocular con cuerpo extraño,S:05:5,1
1716,Heridas de otras partes y de las no especificadas del abdomen,S:31:8,1
1717,Heridas múltiples de la cabeza,S:01:7,1
1718,Heridas múltiples de la cadera y del muslo,S:71:7,1
1719,Heridas múltiples de la muñeca y de la mano,S:61:7,1
1720,Heridas múltiples de la pierna,S:81:7,1
1721,Heridas múltiples del antebrazo,S:51:7,1
1722,Heridas múltiples del tobillo y del pie,S:91:7,1
1723,"Heridas múltiples, no especificadas",T:01:9,1
1724,Heridas que afectan otras combinaciones de las regiones del cuerpo,T:01:8,1
1725,"Hermafroditismo, no clasificado en otra parte",Q:56:0,1
1726,"Hernia abdominal no especificada, con gangrena",K:46:1,1
1727,"Hernia abdominal no especificada, con obstrucción, sin gangrena",K:46:0,1
1728,"Hernia abdominal no especificada, sin obstrucción ni gangrena",K:46:9,1
1729,Hernia diafragmática,K:44,1
1730,"Hernia diafragmática con obstrucción, sin gangrena",K:44:0,1
1731,Hernia diafragmática congénita,Q:79:0,1
1732,Hernia diafragmática sin obstrucción ni gangrena,K:44:9,1
1733,Hernia femoral,K:41,1
1734,"Hernia femoral bilateral, sin obstrucción ni gangrena",K:41:2,1
1735,"Hernia femoral unilateral o no especificada, sin obstrucción ni gangrena",K:41:9,1
1736,Hernia hiatal congénita,Q:40:1,1
1737,Hernia inguinal,K:40,1
1738,"Hernia inguinal bilateral con obstrucción, sin gangrena",K:40:0,1
1739,"Hernia inguinal bilateral, sin obstrucción ni gangrena",K:40:2,1
1740,"Hernia inguinal unilateral o no especificada, con gangrena",K:40:4,1
1741,"Hernia inguinal unilateral o no especificada, con obstrucción, sin gangrena",K:40:3,1
1742,"Hernia inguinal unilateral o no especificada, sin obstrucción ni gangrena",K:40:9,1
1743,Hernia no especificada de la cavidad abdominal,K:46,1
1744,Hernia umbilical,K:42,1
1745,Hernia umbilical con gangrena,K:42:1,1
1746,"Hernia umbilical con obstrucción, sin gangrena",K:42:0,1
1747,Hernia umbilical sin obstrucción ni gangrena,K:42:9,1
1748,"Hernia ventral con obstrucción, sin gangrena",K:43:0,1
1749,Hernia ventral sin obstrucción ni gangrena,K:43:9,1
1750,Herpes gestacional,O:26:4,2
1751,Herpes zoster,B:02,1
1752,Herpes zoster con otras complicaciones,B:02:8,1
1753,Herpes zoster con otros compromisos del sistema nervioso,B:02:2,1
1754,Herpes zoster diseminado,B:02:7,1
1755,Herpes zoster ocular,B:02:3,1
1756,Herpes zoster sin complicaciones,B:02:9,1
1757,Hidradenitis supurativa,L:73:2,1
1758,Hidrocele congénito,P:83:5,1
1759,Hidrocele enquistado,N:43:0,1
1760,Hidrocele infectado,N:43:1,1
1761,Hidrocele y espermatocele,N:43,1
1762,"Hidrocele, no especificado",N:43:3,1
1763,Hidrocéfalo,G:91,1
1764,Hidrocéfalo comunicante,G:91:0,1
1765,Hidrocéfalo congénito,Q:03,1
1766,"Hidrocéfalo congénito, no especificado",Q:03:9,1
1767,Hidrocéfalo de presión normal,G:91:2,1
1768,Hidrocéfalo en otras enfermedades clasificadas en otra parte,G:94:2,1
1769,Hidrocéfalo obstructivo,G:91:1,1
1770,"Hidrocéfalo, no especificado",G:91:9,1
1771,"Hidronefrosis con estrechez ureteral, no clasificada en otra parte",N:13:1,1
1772,Hidronefrosis con obstrucción por cálculos del riñón y del uréter,N:13:2,1
1773,Hidronefrosis congénita,Q:62:0,1
1774,Hidropesía fetal debida a incompatibilidad,P:56:0,1
1775,Hidropesía fetal debida a otras enfermedades hemolíticas especificadas y a las no especificadas,P:56:9,1
1776,Hidropesía fetal no debida a enfermedad hemolítica,P:83:2,1
1777,Hifema,H:21:0,1
1778,Hiperactividad,R:46:3,1
1779,"Hiperaldosteronismo, no especificado",E:26:9,1
1780,Hiperalimentación del recién nacido,P:92:4,1
1781,Hipercolesterolemia pura,E:78:0,1
1782,Hiperemesis gravídica con trastornos metabólicos,O:21:1,2
1783,Hiperemesis gravídica leve,O:21:0,2
1784,Hiperemesis gravídica tardía,O:21:2,2
1785,Hiperestesia,R:20:3,1
1786,"Hiperfunción de la glándula hipófisis, no especificada",E:22:9,1
1787,"Hipergammaglobulinemia, no especificada",D:89:2,1
1788,"Hiperglicemia, no especificada",R:73:9,1
1789,Hipergliceridemia pura,E:78:1,1
1790,Hiperhidrosis generalizada,R:61:1,1
1791,"Hiperhidrosis, no especificada",R:61:9,1
1792,Hiperlipidemia mixta,E:78:2,1
1793,Hiperlipidemia no especificada,E:78:5,1
1794,Hipermetropía,H:52:0,1
1795,Hipernasalidad e hiponasalidad,R:49:2,1
1796,Hiperosmolaridad e hipernatremia,E:87:0,1
1797,Hiperparatiroidismo primario,E:21:0,1
1798,Hiperplasia gingival,K:06:1,1
1799,Hiperpotasemia,E:87:5,1
1800,Hiperprolactinemia,E:22:1,1
1801,Hipertelorismo,Q:75:2,1
1802,Hipertensión esencial (primaria),I:10,1
1803,Hipertensión esencial (primaria),I:10,5
1804,"Hipertensión esencial preexistente que complica el embarazo, el parto y el puerperio",O:10:0,2
1805,Hipertensión gestacional [inducida por el embarazo] con proteinuria  significativa,O:14,2
1806,Hipertensión gestacional [inducida por el embarazo] sin proteinuria  significativa,O:13,2
1807,Hipertensión intracraneal benigna,G:93:2,1
1808,"Hipertensión materna, no especificada",O:16,2
1809,Hipertensión neonatal,P:29:2,1
1810,"Hipertensión preexistente no especificada, que complica el embarazo, el parto y el puerperio",O:10:9,2
1811,"Hipertensión preexistente que complica el embarazo, el parto y el puerperio",O:10,2
1812,Hipertensión pulmonar primaria,I:27:0,1
1813,Hipertensión renovascular,I:15:0,1
1814,Hipertensión secundaria,I:15,5
1815,"Hipertensión secundaria preexistente que complica el embarazo, el parto y el puerperio",O:10:4,2
1816,"Hipertensión secundaria, no especificada",I:15:9,1
1817,Hipertermia del recién nacido inducida por las condiciones ambientales,P:81:0,1
1818,Hipertermia maligna debida a la anestesia,T:88:3,1
1819,Hipertiroidismo neonatal transitorio,P:72:1,1
1820,"Hipertricosis, no especificada",L:68:9,1
1821,Hipertrofia de glándula salival,K:11:1,1
1822,Hipertrofia de la mama,N:62,1
1823,Hipertrofia de las adenoides,J:35:2,1
1824,Hipertrofia de las amígdalas,J:35:1,1
1825,Hipertrofia de las amígdalas con hipertrofia de las adenoides,J:35:3,1
1826,Hipertrofia de los cornetes nasales,J:34:3,1
1827,"Hipertrofia sinovial, no clasificada en otra parte",M:67:2,1
1828,Hiperuricemia sin signos de artritis inflamatoria y enfermedad tofácea,E:79:0,1
1829,Hiperventilación,R:06:4,1
1830,Hipo,R:06:6,1
1831,Hipoacusia conductiva bilateral,H:90:0,1
1832,"Hipoacusia, no especificada",H:91:9,1
1833,Hipoalimentación del recién nacido,P:92:3,1
1834,Hipocalcemia del recién nacido debida a la leche de vaca,P:71:0,1
1835,Hipoesplenismo,D:73:0,1
1836,Hipoestesia de la piel,R:20:1,1
1837,Hipogalactia,O:92:4,2
1838,Hipoglicemia neonatal yatrogénica,P:70:3,1
1839,"Hipoglicemia sin coma, inducida por drogas",E:16:0,1
1840,"Hipoglicemia, no especificada",E:16:2,1
1841,Hipomanía,F:30:0,1
1842,"Hipoparatiroidismo, no especificado",E:20:9,1
1843,Hipopituitarismo,E:23:0,1
1844,Hipoplasia del testículo y del escroto,Q:55:1,1
1845,Hipoplasia y displasia pulmonar,Q:33:6,1
1846,Hipopotasmia,E:87:6,1
1847,Hiposmolaridad e hiponatremia,E:87:1,1
1848,Hipospadias,Q:54,1
1849,Hipospadias peneana,Q:54:1,1
1850,Hipospadias penoscrotal,Q:54:2,1
1851,"Hipospadias, no especificada",Q:54:9,1
1852,Hipotensión,I:95,5
1853,"Hipotensión, no especificada",I:95:9,1
1854,Hipotermia,T:68,1
1855,Hipotermia del recién nacido,P:80,1
1856,"Hipotermia del recién nacido, no especificada",P:80:9,1
1857,Hipotermia no asociada con baja temperatura del ambiente,R:68:0,1
1858,Hipotiroidismo congénito sin bocio,E:03:1,1
1859,Hipotiroidismo debido a medicamentos y a otras sustancias exógenas,E:03:2,1
1860,Hipotiroidismo postinfeccioso,E:03:3,1
1861,"Hipotiroidismo, no especificado",E:03:9,1
1862,Hipotonía congénita,P:94:2,1
1863,Hipotonía ocular,H:44:4,1
1864,Hipoxia intrauterina,P:20,1
1865,Hipoxia intrauterina notada por primera vez antes del inicio del trabajo de parto,P:20:0,1
1866,Hipoxia intrauterina notada por primera vez durante el trabajo de parto y el parto,P:20:1,1
1867,"Hipoxia intrauterina, no especificada",P:20:9,1
1868,Hirsutismo,L:68:0,1
1869,"Histoplasmosis, no especificada",B:39:9,1
1870,Holoprosencefalia,Q:04:2,1
1871,Hongos ingeridos,T:62:0,1
1872,IRAG/Infección Respiratoria Grave,J:12:9,1
1873,Ictericia neonatal asociada con el parto antes de término,P:59:0,1
1874,Ictericia neonatal debida a contusión,P:58:0,1
1875,Ictericia neonatal debida a deglución de sangre materna,P:58:5,1
1876,Ictericia neonatal debida a drogas o toxinas transmitidas por la madre o administradas al recién nacido,P:58:4,1
1877,Ictericia neonatal debida a hemorragia,P:58:1,1
1878,"Ictericia neonatal debida a hemólisis excesiva, sin otra especificación",P:58:9,1
1879,Ictericia neonatal debida a infección,P:58:2,1
1880,Ictericia neonatal debida a otra lesión hepática especificada o no,P:59:2,1
1881,Ictericia neonatal debida a otras hemólisis excesivas,P:58,1
1882,Ictericia neonatal debida a otras hemólisis excesivas especificadas,P:58:8,1
1883,Ictericia neonatal debida a policitemia,P:58:3,1
1884,Ictericia neonatal por inhibidor de la leche materna,P:59:3,1
1885,Ictericia neonatal por otras causas especificadas,P:59:8,1
1886,Ictericia neonatal por otras causas y por las no especificadas,P:59,1
1887,"Ictericia neonatal, no especificada",P:59:9,1
1888,Ictericia no especificada,R:17,1
1889,Ictiosis congénita,Q:80,1
1890,"Ictiosis congénita, no especificada",Q:80:9,1
1891,Ictiosis lamelar,Q:80:2,1
1892,Ictiosis ligada al cromosoma X,Q:80:1,1
1893,Ictiosis vulgar,Q:80:0,1
1894,Ileo meconial (E84.1+),P:75,1
1895,Ileo paralítico,K:56:0,1
1896,Ileo por cálculo biliar,K:56:3,1
1897,Ileo transitorio del recién nacido,P:76:1,1
1898,"Ileo, no especificado",K:56:7,1
1899,Impetiginización de otras dermatosis,L:01:1,1
1900,Impotencia de origen orgánico,N:48:4,1
1901,Impétigo,L:01,1
1902,Impétigo [cualquier sitio anatómico] [cualquier organismo],L:01:0,1
1903,Incompatibilidad ABO del feto y del recién nacido,P:55:1,1
1904,Incompatibilidad Rh del feto y del recién nacido,P:55:0,1
1905,Incontinencia fecal,R:15,1
1906,Incontinencia urinaria por tensión,N:39:3,1
1907,"Incontinencia urinaria, no especificada",R:32,1
1908,Induración plástica del pene,N:48:6,1
1909,Inercia uterina secundaria,O:62:1,2
1910,Infarto agudo del miocardio,I:21,5
1911,"Infarto agudo del miocardio, sin otra especificación",I:21:9,1
1912,Infarto cerebral,I:63,1
1913,Infarto cerebral,I:63,5
1914,"Infarto cerebral, no especificado",I:63:9,1
1915,Infarto subsecuente del miocardio,I:22,5
1916,Infarto subsecuente del miocardio de la pared anterior,I:22:0,1
1917,"Infecciones agudas de las vías respiratorias superiores, de sitios múltiples o no especificados",J:06,1
1918,Infecciones congénitas por virus del herpes simple,P:35:2,1
1919,"Infecciones consecutivas a infusión, transfusión e inyección terapéutica",T:80:2,1
1920,Infecciones de la mama asociadas con el parto,O:91,2
1921,Infecciones del pezón asociadas con el parto,O:91:0,2
1922,"Infecciones del sistema nervioso central por virus atípico, sin otra especificación",A:81:9,1
1923,"Infecciones del tracto genitourinario debidas a clamidias, sin otra especificación",A:56:2,1
1924,Infecciones herpéticas [herpes simple],B:00,1
1925,Infecciones intestinales debidas a virus y otros organismos especificados,A:08,1
1926,Infección (superinfección) aguda por agente delta en el portador de hepatitis B,B:17:0,1
1927,Infección Respiratoria Aguda por COVID-19,U:07:1,1
1928,Infección Respiratoria Aguda por COVID-19 asintomático. Virus identificado,U:07:3,1
1929,Infección Respiratoria Aguda por COVID-19 leve. Virus identificado,U:07:4,1
1930,Infección Respiratoria Aguda por COVID-19 moderado. Virus identificado,U:07:5,1
1931,Infección Respiratoria Aguda por COVID-19. Virus NO identificado,U:07:2,1
1932,"Infección aguda de las vías respiratorias superiores, no especificada",J:06:9,1
1933,Infección aguda no especificada de las vías respiratorias inferiores,J:22,1
1934,Infección amebiana de otras localizaciones,A:06:8,1
1935,Infección anogenital debida a virus del herpes [herpes simple],A:60,1
1936,"Infección anogenital por virus del herpes simple, sin otra especificación",A:60:9,1
1937,Infección bacteriana de sitio no especificado,A:49,1
1938,"Infección bacteriana, no especificada",A:49:9,1
1939,Infección citomegalovírica congénita,P:35:1,1
1940,Infección consecutiva a inmunización,T:88:0,1
1941,"Infección consecutiva a procedimiento, no clasificada en otra parte",T:81:4,1
1942,Infección cutánea neonatal,P:39:4,1
1943,Infección de genitales y trayecto urogenital debida a virus del herpes [herpes simple],A:60:0,1
1944,Infección de herida quirúrgica obstétrica,O:86:0,2
1945,Infección de la bolsa amniótica o de las membranas,O:41:1,2
1946,Infección de la piel perianal y recto por virus del herpes simple,A:60:1,1
1947,Infección de la uretra en el embarazo,O:23:2,2
1948,Infección de la vejiga urinaria en el embarazo,O:23:1,2
1949,Infección de las vías genitourinarias en el embarazo,O:23,2
1950,Infección de las vías urinarias consecutiva al parto,O:86:2,2
1951,Infección de muñón de amputación,T:87:4,1
1952,Infección de otras partes de las vías urinarias en el embarazo,O:23:3,2
1953,"Infección de vías urinarias, sitio no especificado",N:39:0,1
1954,"Infección debida a Echinococcus granulosus, sin otra especificación",B:67:4,1
1955,Infección debida a Escherichia coli enterohemorrágica,A:04:3,1
1956,Infección debida a Escherichia coli enteropatógena,A:04:0,1
1957,"Infección debida a Salmonella, no especificada",A:02:9,1
1958,"Infección debida a adenovirus, sin otra especificación",B:34:0,1
1959,"Infección debida al virus del herpes, no especificada",B:00:9,1
1960,Infección del riñón en el embarazo,O:23:0,2
1961,Infección del tracto genitourinario inferior debida a clamidias,A:56:0,1
1962,Infección diseminada debida a Histoplasma capsulatum,B:39:3,1
1963,Infección e infestación parasitarias del párpado en enfermedades clasificadas en otra parte,H:03:0,1
1964,"Infección estafilocócica, sin otra especificación",A:49:0,1
1965,"Infección estreptocócica, sin otra especificación",A:49:1,1
1966,Infección filárica de la conjuntiva (B74.-+),H:13:0,1
1967,Infección genital en el embarazo,O:23:5,2
1968,"Infección genital y pelviana consecutiva al aborto, al embarazo ectópico y al embarazo molar",O:08:0,2
1969,Infección gonocócica del ojo,A:54:3,1
1970,Infección gonocócica del tracto genitourinario inferior con absceso periuretral y de glándulas accesorias,A:54:1,1
1971,Infección gonocócica del tracto genitourinario inferior sin absceso periuretral o de glándula accesoria,A:54:0,1
1972,"Infección gonocócica, no especificada",A:54:9,1
1973,"Infección intestinal bacteriana, no especificada",A:04:9,1
1974,"Infección intestinal viral, sin otra especificación",A:08:4,1
1975,"Infección intraamniótica del feto, no clasificada en otra parte",P:39:2,1
1976,"Infección local de la piel y del tejido subcutáneo, no especificada",L:08:9,1
1977,Infección meningocócica,A:39,1
1978,"Infección meningocócica, no especificada",A:39:9,1
1979,Infección neonatal de las vías urinarias,P:39:3,1
1980,Infección no especificada de las vías urinarias en el embarazo,O:23:4,2
1981,Infección nosocomial,Y:95,1
1982,"Infección por clamidias, no especificada",A:74:9,1
1983,"Infección por micobacteria, no especificada",A:31:9,1
1984,"Infección postraumática de herida, no clasificada en otra parte",T:79:3,1
1985,"Infección propia del período perinatal, no especificada",P:39:9,1
1986,Infección pulmonar aguda debida a Histoplasma capsulatum,B:39:0,1
1987,Infección viral de sitio no especificado,B:34,1
1988,"Infección viral del sistema nervioso central, no especificada",A:89,1
1989,"Infección viral no especificada, caracterizada por lesiones de la piel y de las membranas mucosas",B:09,1
1990,"Infección viral, no especificada",B:34:9,1
1991,"Infección y reacción inflamatoria debidas a otros dispositivos, implantes e injertos cardiovasculares",T:82:7,1
1992,"Infestación, no especificada",B:88:9,1
1993,Inflamación aguda de la órbita,H:05:0,1
1994,Inflamación aguda y la no especificada de las vías lagrimales,H:04:3,1
1995,Inflamación crónica de las vías lagrimales,H:04:4,1
1996,"Inflamación del párpado, no especificada",H:01:9,1
1997,"Influenza con neumonía, debida a virus de la influenza identificado",J:10:0,1
1998,"Influenza con neumonía, virus no identificado",J:11:0,1
1999,"Influenza con otras manifestaciones respiratorias, debida a  virus de la influenza identificado",J:10:1,1
2000,"Influenza con otras manifestaciones respiratorias, virus no identificado",J:11:1,1
2001,"Influenza con otras manifestaciones, virus no identificado",J:11:8,1
2002,Influenza debida a virus de la influenza identificado,J:10,1
2003,Influenza debida a virus no identificado,J:11,1
2004,"Influenza, con otras manifestaciones, debida a virus de la influenza identificado",J:10:8,1
2005,Ingurgitación mamaria del recién nacido,P:83:4,1
2006,"Inhalación de contenidos gástricos, en otro lugar especificado",W:78:8,1
2007,"Inhalación e ingestión de alimento que causa obstrucción de las vías respiratorias, en lugar no especificado",W:79:9,1
2008,"Inhalación e ingestión de otros objetos que causan obstrucción de las vías respiratorias, en lugar no especificado",W:80:9,1
2009,"Inhalación e ingestión de otros objetos que causan obstrucción de las vías respiratorias, en vivienda",W:80:0,1
2010,Iniencefalia,Q:00:2,1
2011,Inmaturidad extrema,P:07:2,1
2012,Inmunodeficiencia asociada con otros defectos mayores especificados,D:82:8,1
2013,Inserción de sonda gástrica o duodenal,Y:84:5,1
2014,Insomnio no orgánico,F:51:0,1
2015,Insuficiencia cardíaca,I:50,1
2016,Insuficiencia cardíaca,I:50,5
2017,Insuficiencia cardíaca congestiva,I:50:0,1
2018,Insuficiencia cardíaca neonatal,P:29:0,1
2019,"Insuficiencia cardíaca, no especificada",I:50:9,1
2020,Insuficiencia congénita de la válvula aórtica,Q:23:1,1
2021,Insuficiencia congénita de la válvula pulmonar,Q:22:2,1
2022,"Insuficiencia hepática, no especificada",K:72:9,1
2023,Insuficiencia renal aguda con necrosis medular,N:17:2,1
2024,Insuficiencia renal aguda con necrosis tubular,N:17:0,1
2025,Insuficiencia renal aguda postparto,O:90:4,2
2026,"Insuficiencia renal aguda, no especificada",N:17:9,1
2027,Insuficiencia renal congénita,P:96:0,1
2028,"Insuficiencia renal consecutiva al aborto, al embarazo ectópico y al embarazo molar",O:08:4,2
2029,Insuficiencia renal crónica,N:18,5
2030,"Insuficiencia renal crónica, no especificada",N:18:9,1
2031,Insuficiencia renal no especificada,N:19,1
2032,Insuficiencia renal no especificada,N:19,5
2033,Insuficiencia renal terminal,N:18:0,1
2034,Insuficiencia respiratoria aguda,J:96:0,1
2035,Insuficiencia respiratoria crónica,J:96:1,1
2036,Insuficiencia respiratoria del recién nacido,P:28:5,1
2037,"Insuficiencia respiratoria, no especificada",J:96:9,1
2038,Insuficiencia tricúspide,I:07:1,1
2039,Insuficiencia venosa (crónica) (periférica),I:87:2,1
2040,Intento fallido de aborto,O:07,2
2041,Intervención legal con otros medios especificados,Y:35:6,1
2042,"Intestino neurogénico, no clasificado en otra parte",K:59:2,1
2043,Intolerancia a la lactosa,E:73,1
2044,"Intolerancia a la lactosa, no especificada",E:73:9,1
2045,Intoxicación alimentaria,A:05:9,1
2046,Intoxicación alimentaria debida a Bacillus cereus,A:05:4,1
2047,Intoxicación alimentaria estafilocócica,A:05:0,1
2048,Invaginación,K:56:1,1
2049,"Inversión del útero, postparto",O:71:2,2
2050,"Iridociclitis, no especificada",H:20:9,1
2051,Irritabilidad cerebral neonatal,P:91:3,1
2052,Irritabilidad y enojo,R:45:4,1
2053,Isomerismo de los apéndices auriculares,Q:20:6,1
2054,Isquemia cerebral neonatal,P:91:0,1
2055,"Isquemia cerebral transitoria, sin otra especificación",G:45:9,1
2056,Isquemia e infarto del riñón,N:28:0,1
2057,Isquemia miocárdica transitoria del recién nacido,P:29:4,1
2058,Kernicterus,P:57,1
2059,Kernicterus debido a incompatibilidad,P:57:0,1
2060,Kernicterus debido a otras causas especificadas,P:57:8,1
2061,"Kernicterus, no especificado",P:57:9,1
2062,Klebsiella pneumoniae [K. pneumoniae] como causa de enfermedades clasificadas en otros capítulos,B:96:1,1
2063,Kwashiorkor,E:40,1
2064,Kwashiorkor marasmático,E:42,1
2065,Laberintitis,H:83:0,1
2066,Labio leporino,Q:36,1
2067,"Labio leporino, bilateral",Q:36:0,1
2068,"Labio leporino, línea media",Q:36:1,1
2069,"Labio leporino, unilateral",Q:36:9,1
2070,Laceración ocular sin prolapso o pérdida del tejido intraocular,S:05:3,1
2071,Lagoftalmos,H:02:2,1
2072,Laringitis aguda,J:04:0,1
2073,Laringitis crónica,J:37:0,1
2074,Laringitis obstructiva aguda [crup] y epiglotitis,J:05,1
2075,"Laringitis obstructiva, aguda [crup]",J:05:0,1
2076,Laringitis y traqueítis agudas,J:04,1
2077,Laringocele,Q:31:3,1
2078,Laringofaringitis aguda,J:06:0,1
2079,Laringomalacia congénita,Q:31:5,1
2080,Laringotraqueítis aguda,J:04:2,1
2081,Laringotraqueítis crónica,J:37:1,1
2082,Larva migrans visceral,B:83:0,1
2083,"Lectura elevada de la presión sanguínea, sin diagnóstico de hipertensión",R:03:0,1
2084,"Leiomioma del útero, sin otra especificación",D:25:9,1
2085,Leishmaniasis,B:55,1
2086,Leishmaniasis cutánea,B:55:1,1
2087,Lengua geográfica,K:14:1,1
2088,Lengua plegada,K:14:5,1
2089,Lentitud en la ingestión de alimentos del recién nacido,P:92:2,1
2090,Leptospirosis,A:27:9,1
2091,Leptospirosis icterohemorrágica,A:27:0,1
2092,"Lesión cerebral anóxica, no clasificada en otra parte",G:93:1,1
2093,Lesión de sitios contiguos de la lengua,C:02:8,1
2094,Lesión de sitios contiguos de la piel,C:44:8,1
2095,Lesión de sitios contiguos de los senos paranasales,C:31:8,1
2096,Lesión de sitios contiguos de otras partes y de las no especificadas de la boca,C:06:8,1
2097,Lesión de sitios contiguos del encéfalo,C:71:8,1
2098,"Lesión de sitios contiguos del labio, de la cavidad bucal y de la faringe",C:14:8,1
2099,Lesión de sitios contiguos del pene,C:60:8,1
2100,Lesión de sitios contiguos del piso de la boca,C:04:8,1
2101,"Lesión de órganos o tejidos de la pelvis consecutivo al aborto, al embarazo ectópico y al embarazo molar",O:08:6,2
2102,"Lesión del hombro, no especificada",M:75:9,1
2103,Lesión del nervio ciático,G:57:0,1
2104,Lesión del nervio radial,G:56:3,1
2105,"Lesión no especificada del encéfalo, debida a traumatismo del nacimiento",P:11:2,1
2106,Lesión que ocupa el espacio intracraneal,R:90:0,1
2107,Leucemia de células de tipo no especificado,C:95,5
2108,Leucemia linfoide,C:91,5
2109,Leucemia mieloide,C:92,5
2110,Leucemia monocítica,C:93,5
2111,Leucoencefalopatía multifocal progresiva,A:81:2,1
2112,Leucomalacia cerebral neonatal,P:91:2,1
2113,Leucoplasia del pene,N:48:0,1
2114,"Leucoplasia y otras alteraciones del epitelio bucal, incluyendo la lengua",K:13:2,1
2115,Linfadenitis aguda,L:04,1
2116,"Linfadenitis aguda de cara, cabeza y cuello",L:04:0,1
2117,Linfadenitis aguda de sitio no especificado,L:04:9,1
2118,Linfadenitis aguda del miembro superior,L:04:2,1
2119,Linfadenitis inespecífica,I:88,1
2120,Linfadenitis inespecífica,I:88,5
2121,Linfadenitis inespecífica no especificada,I:88:9,1
2122,Linfadenitis mesentérica inespecífica,I:88:0,1
2123,"Linfangioma, de cualquier sitio",D:18:1,1
2124,Linfangitis,I:89:1,1
2125,Linfedema hereditario,Q:82:0,1
2126,"Linfedema, no clasificado en otra parte",I:89:0,1
2127,Linfogranuloma (venéreo) por clamidias,A:55,1
2128,"Linfoma de células T, periférico y cutáneo",C:84,5
2129,Linfoma no Hodgkin de otro tipo y el no especificado,C:85,5
2130,Linfoma no Hodgkin difuso,C:83,5
2131,Linfoma no Hodgkin folicular [nodular],C:82,5
2132,"Lipodistrofia, no clasificada en otra parte",E:88:1,1
2133,"Lipomatosis, no clasificada en otra parte",E:88:2,1
2134,Liquen plano,L:43,1
2135,Liquen plano hipertrófico,L:43:0,1
2136,"Liquen plano, no especificado",L:43:9,1
2137,Liquen rojo moniliforme,L:44:3,1
2138,Liquen simple crónico,L:28:0,1
2139,Liquen simple crónico y prurigo,L:28,1
2140,Listeriosis congénita (diseminada),P:37:2,1
2141,Litiasis urinaria en esquistosomiasis [bilharziasis] (B65.-+),N:22:0,1
2142,Lobomicosis,B:48:0,1
2143,Lumbago con ciática,M:54:4,1
2144,Lumbago no especificado,M:54:5,1
2145,Lupus eritematoso discoide,L:93:0,1
2146,"Lupus eritematoso sistémico, sin otra especificación",M:32:9,1
2147,Luxaciones de otras partes y de las no especificadas del cuello,S:13:2,1
2148,"Luxaciones, torceduras y esguinces que afectan otras combinaciones de regiones del cuerpo",T:03:8,1
2149,"Luxación congénita de la cadera, bilateral",Q:65:1,1
2150,"Luxación congénita de la cadera, no especificada",Q:65:2,1
2151,"Luxación congénita de la cadera, unilateral",Q:65:0,1
2152,Luxación de dedo(s) del pie,S:93:1,1
2153,Luxación de dedos de la mano,S:63:1,1
2154,Luxación de diente,S:03:2,1
2155,Luxación de la articulación acromioclavicular,S:43:1,1
2156,Luxación de la articulación del hombro,S:43:0,1
2157,Luxación de la articulación esternoclavicular,S:43:2,1
2158,Luxación de la cadera,S:73:0,1
2159,Luxación de la rodilla,S:83:1,1
2160,"Luxación del codo, no especificada",S:53:1,1
2161,Luxación del maxilar,S:03:0,1
2162,"Luxación y subluxación patológica de la articulación, no clasificada en otra parte",M:24:3,1
2163,Luxación y subluxación recidivante de la articulación,M:24:4,1
2164,"Luxación, esguince o torcedura de articulación o ligamento no especificado de miembro superior, nivel no especificado",T:11:2,1
2165,"Luxación, esguince y torcedura de articulaciones y ligamentos del codo",S:53,1
2166,"Luxación, esguince y torcedura de región no especificada del cuerpo",T:14:3,1
2167,Macrocefalia,Q:75:3,1
2168,Macroftalmía,Q:11:3,1
2169,Macroglosia,Q:38:2,1
2170,Macrostomía,Q:18:4,1
2171,Macrotia,Q:17:1,1
2172,Mala posición del uréter,Q:62:6,1
2173,"Malabsorción debida a intolerancia, no clasificada en otra parte",K:90:4,1
2174,Malabsorción intestinal,K:90,1
2175,"Malabsorción intestinal, no especificada",K:90:9,1
2176,Malaria clínico,B:54:X,1
2177,Malestar y fatiga,R:53,1
2178,Malformaciones congénitas de la columna vertebral y tórax óseo,Q:76,1
2179,Malformaciones congénitas de la fijación del intestino,Q:43:3,1
2180,Malformaciones congénitas de la glándula suprarrenal,Q:89:1,1
2181,Malformaciones congénitas de las cámaras cardíacas y sus conexiones,Q:20,1
2182,Malformaciones congénitas de las grandes venas,Q:26,1
2183,"Malformaciones congénitas de los labios, no clasificadas en otra parte",Q:38:0,1
2184,Malformaciones congénitas de otras glándulas endocrinas,Q:89:2,1
2185,Malformaciones congénitas del bazo,Q:89:0,1
2186,Malformaciones congénitas del cuerpo calloso,Q:04:0,1
2187,Malformaciones congénitas del esófago,Q:39,1
2188,"Malformaciones congénitas del ojo, no especificadas",Q:15:9,1
2189,"Malformaciones congénitas del paladar, no clasificadas en otra parte",Q:38:5,1
2190,"Malformaciones congénitas múltiples, no clasificadas en otra parte",Q:89:7,1
2191,Malformaciones del acueducto de Silvio,Q:03:0,1
2192,Malformación arteriovenosa de los vasos cerebrales,Q:28:2,1
2193,Malformación arteriovenosa de los vasos precerebrales,Q:28:0,1
2194,"Malformación congénita de la cara y del cuello, no especificada",Q:18:9,1
2195,"Malformación congénita de la laringe, no especificada",Q:31:9,1
2196,"Malformación congénita de la mama, no especificada",Q:83:9,1
2197,"Malformación congénita de la médula espinal, no especificada",Q:06:9,1
2198,"Malformación congénita de la nariz, no especificada",Q:30:9,1
2199,"Malformación congénita de la parte superior del tubo digestivo, no especificada",Q:40:9,1
2200,"Malformación congénita de la piel, no especificada",Q:82:9,1
2201,Malformación congénita de la rodilla,Q:74:1,1
2202,"Malformación congénita de la válvula tricúspide, no especificada",Q:22:9,1
2203,Malformación congénita de la órbita,Q:10:7,1
2204,"Malformación congénita de las cámaras cardíacas y sus conexiones, no especificada",Q:20:9,1
2205,"Malformación congénita de las grandes arterias, no especificada",Q:25:9,1
2206,"Malformación congénita de las grandes venas, no especificada",Q:26:9,1
2207,"Malformación congénita de las válvulas aórtica y mitral, no especificada",Q:23:9,1
2208,"Malformación congénita de los genitales femeninos, no especificada",Q:52:9,1
2209,Malformación congénita de los huesecillos del oído,Q:16:3,1
2210,"Malformación congénita de los órganos genitales masculinos, no especificada",Q:55:9,1
2211,"Malformación congénita de miembro(s), no especificada",Q:74:9,1
2212,"Malformación congénita del aparato urinario, no especificada",Q:64:9,1
2213,"Malformación congénita del corazón, no especificada",Q:24:9,1
2214,"Malformación congénita del cristalino, no especificada",Q:12:9,1
2215,"Malformación congénita del encéfalo, no especificada",Q:04:9,1
2216,Malformación congénita del esternón,Q:76:7,1
2217,"Malformación congénita del estómago, no especificada",Q:40:3,1
2218,"Malformación congénita del esófago, no especificada",Q:39:9,1
2219,"Malformación congénita del intestino, no especificada",Q:43:9,1
2220,Malformación congénita del oído interno,Q:16:5,1
2221,"Malformación congénita del oído que causa alteración de la audición, sin otra especificación",Q:16:9,1
2222,"Malformación congénita del oído, no especificada",Q:17:9,1
2223,"Malformación congénita del pulmón, no especificada",Q:33:9,1
2224,"Malformación congénita del riñón, no especificada",Q:63:9,1
2225,"Malformación congénita del segmento posterior del ojo, no especificada",Q:14:9,1
2226,"Malformación congénita del sistema circulatorio, no especificada",Q:28:9,1
2227,"Malformación congénita del sistema digestivo, no especificada",Q:45:9,1
2228,"Malformación congénita del sistema nervioso, no especificada",Q:07:9,1
2229,"Malformación congénita del sistema osteomuscular, no especificada",Q:79:9,1
2230,"Malformación congénita del sistema respiratorio, no especificada",Q:34:9,1
2231,"Malformación congénita del sistema vascular periférico, no especificada",Q:27:9,1
2232,"Malformación congénita del tabique cardíaco, no especificada",Q:21:9,1
2233,"Malformación congénita del tórax óseo, no especificada",Q:76:9,1
2234,Malformación congénita no especificada de los huesos del cráneo y de la cara,Q:75:9,1
2235,"Malformación congénita, no especificada",Q:89:9,1
2236,Malformación de la placenta,O:43:1,2
2237,Malformación del uraco,Q:64:4,1
2238,Manchas café con leche,L:81:3,1
2239,"Mano o pie en garra o en talipes, pie equinovaro o zambo adquiridos",M:21:5,1
2240,Mano y pie de inmersión,T:69:0,1
2241,Mansoneliasis,B:74:4,1
2242,Marasmo nutricional,E:41,1
2243,Marcha paralítica,R:26:1,1
2244,Mareo y desvanecimiento,R:42,1
2245,Masa no especificada en la mama,N:63,1
2246,Mastitis infecciosa neonatal,P:39:0,1
2247,Mastitis no purulenta asociada con el parto,O:91:2,2
2248,Mastodinia,N:64:4,1
2249,Mastoiditis aguda,H:70:0,1
2250,"Mastoiditis, no especificada",H:70:9,1
2251,Mastopatía quística difusa,N:60:1,1
2252,"Megacolon, no clasificado en otra parte",K:59:3,1
2253,Melanoma in situ,D:03,5
2254,Melanoma maligno de la piel,C:43,5
2255,Melena,K:92:1,1
2256,Melena neonatal,P:54:1,1
2257,Membrana interdigital del pie,Q:70:3,1
2258,Meningitis apiógena,G:03:0,1
2259,"Meningitis bacteriana, no clasificada en otra parte",G:00,1
2260,"Meningitis bacteriana, no especificada",G:00:9,1
2261,Meningitis crónica,G:03:1,1
2262,Meningitis debida a candida (G02.1*),B:37:5,1
2263,Meningitis debida a otras causas y a las no especificadas,G:03,1
2264,Meningitis debida a varicela (G02.0*),B:01:0,1
2265,Meningitis en enfermedades bacterianas clasificadas en otra parte,G:01,1
2266,Meningitis en enfermedades virales clasificadas en otra parte,G:02:0,1
2267,Meningitis estafilocócica,G:00:3,1
2268,Meningitis por hemófilos,G:00:0,1
2269,Meningitis por parotiditis (G02.0*),B:26:1,1
2270,Meningitis recurrente benigna [Mollaret],G:03:2,1
2271,Meningitis tuberculosa (G01*),A:17:0,1
2272,"Meningitis viral, sin otra especificación",A:87:9,1
2273,"Meningitis, no especificada",G:03:9,1
2274,"Meningococemia, no especificada",A:39:4,1
2275,"Meningoencefalitis y meningomielitis bacterianas, no clasificadas en otra parte",G:04:2,1
2276,Mesotelioma,C:45,5
2277,Metahemoglobinemia congénita,D:74:0,1
2278,Metatarsus varus,Q:66:2,1
2279,Mialgia,M:79:1,1
2280,Mialgia epidémica,B:33:0,1
2281,Miasis,B:87,1
2282,Miasis cutánea,B:87:0,1
2283,Miasis nasofaríngea,B:87:3,1
2284,"Miasis, no especificada",B:87:9,1
2285,"Micción dolorosa, no especificada",R:30:9,1
2286,Micosis fungoide,C:84:0,1
2287,Micosis oportunistas,B:48:7,1
2288,"Micosis superficial, sin otra especificación",B:36:9,1
2289,"Micosis, no especificada",B:49,1
2290,Microcefalia,Q:02,1
2291,Microftalmía,Q:11:2,1
2292,Microstomía,Q:18:5,1
2293,Microtia,Q:17:2,1
2294,Mielinólisis central pontina,G:37:2,1
2295,Mieloma múltiple,C:90:0,1
2296,Mieloma múltiple y tumores malignos de células plasmáticas,C:90,5
2297,Mielopatía en enfermedades clasificadas en otra parte,G:99:2,1
2298,Migraña,G:43,1
2299,Migraña sin aura [migraña común],G:43:0,1
2300,"Migraña, no especificada",G:43:9,1
2301,Miliaria apocrina,L:75:2,1
2302,Miliaria cristalina,L:74:1,1
2303,Miliaria profunda,L:74:2,1
2304,Miliaria rubra,L:74:0,1
2305,"Miliaria, no especificada",L:74:3,1
2306,Miocarditis aguda,I:40,5
2307,Miocarditis en enfermedades clasificadas en otra parte,I:41,5
2308,Miocarditis infecciosa,I:40:0,1
2309,"Miocarditis, no especificada",I:51:4,1
2310,Mioclonía,G:25:3,1
2311,Miopía,H:52:1,1
2312,"Miositis, no especificada",M:60:9,1
2313,Mola hidatiforme,O:01,2
2314,Mola hidatiforme clásica,O:01:0,2
2315,"Mola hidatiforme, incompleta o parcial",O:01:1,2
2316,"Mola hidatiforme, no especificada",O:01:9,2
2317,Molusco contagioso,B:08:1,1
2318,"Monoartritis, no clasificada en otra parte",M:13:1,1
2319,"Mononeuropatía del miembro superior, sin otra especificación",G:56:9,1
2320,Mononeuropatía diabética (E10-E14+ con cuarto carácter común .4),G:59:0,1
2321,"Mononeuropatía, no especificada",G:58:9,1
2322,Mononucleosis por citomegalovirus,B:27:1,1
2323,Monoplejía de miembro superior,G:83:2,1
2324,"Monosomías y supresiones de los autosomas, no clasificadas en otra parte",Q:93,1
2325,Mordedura de animales transmisores de rabia,W:55:X,1
2326,Mordedura de rata,W:53,1
2327,"Mordedura de rata, en lugar no especificado",W:53:9,1
2328,"Mordedura de rata, en otro lugar especificado",W:53:8,1
2329,"Mordedura de rata, en vivienda",W:53:0,1
2330,"Mordedura o aplastamiento por otros reptiles, en otro lugar especificado",W:59:8,1
2331,"Mordedura o aplastamiento por otros reptiles, en vivienda",W:59:0,1
2332,Mordedura o ataque de otros mamíferos,W:55,1
2333,"Mordedura o ataque de otros mamíferos, en calles y carreteras",W:55:4,1
2334,"Mordedura o ataque de otros mamíferos, en institución residencial",W:55:1,1
2335,"Mordedura o ataque de otros mamíferos, en lugar no especificado",W:55:9,1
2336,"Mordedura o ataque de otros mamíferos, en vivienda",W:55:0,1
2337,Mordedura o ataque de perro,W:54,1
2338,"Mordedura o ataque de perro, en calles y carreteras",W:54:4,1
2339,"Mordedura o ataque de perro, en granja",W:54:7,1
2340,"Mordedura o ataque de perro, en lugar no especificado",W:54:9,1
2341,"Mordedura o ataque de perro, en otro lugar especificado",W:54:8,1
2342,"Mordedura o ataque de perro, en vivienda",W:54:0,1
2343,Mordedura o picadura de insectos y otros artrópodos no venenosos,W:57,1
2344,"Mordedura o picadura de insectos y otros artrópodos no venenosos, en calles y carreteras",W:57:4,1
2345,"Mordedura o picadura de insectos y otros artrópodos no venenosos, en lugar no especificado",W:57:9,1
2346,"Mordedura o picadura de insectos y otros artrópodos no venenosos, en otro lugar especificado",W:57:8,1
2347,"Mordedura o picadura de insectos y otros artrópodos no venenosos, en vivienda",W:57:0,1
2348,Motociclista [cualquiera] lesionado en accidente de tránsito no especificado,V:29:9,1
2349,Motociclista lesionado en accidente de transporte sin colisión,V:28,1
2350,"Motociclista lesionado en accidente de transporte sin colisión, motociclista no especificado, lesionado en accidente de tránsito",V:28:9,1
2351,"Motociclista lesionado por colisión con vehículo de pedal, pasajero lesionado en accidente no de tránsito",V:21:1,1
2352,Movimientos involuntarios anormales,R:25,1
2353,Mucocele de glándula salival,K:11:6,1
2354,Mucormicosis cutánea,B:46:3,1
2355,"Mucormicosis, sin otra especificación",B:46:5,1
2356,"Muerte cardíaca súbita, así descrita",I:46:1,1
2357,Muerte fetal de causa no especificada,P:95,1
2358,Muerte instantánea,R:96:0,1
2359,Muerte materna debida a cualquier causa obstétrica que ocurre después de 42 días pero antes de un año del parto,O:96,2
2360,Muerte obstétrica de causa no especificada,O:95,2
2361,Muerte por secuelas de causas obstétricas directas,O:97,2
2362,"Muerte que ocurre en menos de 24 horas del inicio de los síntomas, no explicada de otra forma",R:96:1,1
2363,Muerte sin asistencia,R:98,1
2364,Muertes Por IRAG,J:10:9,1
2365,Muestra de sangre,Y:84:7,1
2366,Mujer con más de tres cromosomas X,Q:97:1,1
2367,Muy bajo nivel de higiene personal,R:46:0,1
2368,Naegleriasis,B:60:2,1
2369,Narcolepsia y cataplexia,G:47:4,1
2370,Necrosis de la pulpa,K:04:1,1
2371,Necrosis grasa subcutánea debida a traumatismo del nacimiento,P:15:6,1
2372,Necrosis hemorrágica central del hígado,K:76:2,1
2373,Nefritis tubulointersticial aguda,N:10,1
2374,"Nefritis tubulointersticial crónica, sin otra especificación",N:11:9,1
2375,"Nefritis tubulointersticial, no especificada como aguda o crónica",N:12,1
2376,Nefropatía inducida por analgésicos,N:14:0,1
2377,"Nefropatía inducida por drogas, medicamentos y sustancias biológicas no especificadas",N:14:2,1
2378,Negligencia o abandono,T:74:0,1
2379,Negligencia y abandono,Y:06,1
2380,Negligencia y abandono por esposo o pareja,Y:06:0,1
2381,Negligencia y abandono por otra persona especificada,Y:06:8,1
2382,Negligencia y abandono por padre o madre,Y:06:1,1
2383,Negligencia y abandono por persona no especificada,Y:06:9,1
2384,Nerviosismo,R:45:0,1
2385,Neumocistosis (J17.3*),B:59,1
2386,Neumoconiosis asociada con tuberculosis,J:65,1
2387,"Neumoconiosis, no especificada",J:64,1
2388,Neumomediastino originado en el período perinatal,P:25:2,1
2389,Neumonitis debida a aspiración de aceites y esencias,J:69:1,1
2390,Neumonitis debida a aspiración de alimento o vómito,J:69:0,1
2391,Neumonitis debida a aspiración de otros sólidos y líquidos,J:69:8,1
2392,Neumonitis debida a sólidos y líquidos,J:69,1
2393,Neumonitis debidas a hipersensibilidad a otros polvos orgánicos,J:67:8,1
2394,Neumonitis por aspiración debida a la anestesia administrada durante el trabajo de parto y el parto,O:74:0,2
2395,"Neumonía bacteriana, no clasificada en otra parte",J:15,1
2396,"Neumonía bacteriana, no especificada",J:15:9,1
2397,Neumonía congénita,P:23,1
2398,Neumonía congénita debida a Chlamydia,P:23:1,1
2399,Neumonía congénita debida a Escherichia coli,P:23:4,1
2400,Neumonía congénita debida a agente viral,P:23:0,1
2401,Neumonía congénita debida a estafilococos,P:23:2,1
2402,Neumonía congénita debida a estreptococos del grupo B,P:23:3,1
2403,Neumonía congénita debida a otros agentes bacterianos,P:23:6,1
2404,Neumonía congénita debida a otros organismos,P:23:8,1
2405,"Neumonía congénita, organismo no especificado",P:23:9,1
2406,Neumonía debida a Klebsiella pneumoniae,J:15:0,1
2407,Neumonía debida a Mycoplasma pneumoniae,J:15:7,1
2408,Neumonía debida a Streptococcus pneumoniae,J:13,1
2409,Neumonía debida a adenovirus,J:12:0,1
2410,Neumonía debida a clamidias,J:16:0,1
2411,Neumonía debida a estafilococos,J:15:2,1
2412,Neumonía debida a estreptococos del grupo B,J:15:3,1
2413,Neumonía debida a otras bacterias aeróbicas gramnegativas,J:15:6,1
2414,Neumonía debida a otros microorganismos infecciosos especificados,J:16:8,1
2415,Neumonía debida a otros virus,J:12:8,1
2416,Neumonía debida a varicela (J17.1*),B:01:2,1
2417,Neumonía debida a virus parainfluenza,J:12:2,1
2418,Neumonía debida a virus sincitial respiratorio,J:12:1,1
2419,Neumonía en enfermedades bacterianas clasificadas en otra parte,J:17:0,1
2420,Neumonía en enfermedades virales clasificadas en otra parte,J:17:1,1
2421,Neumonía en micosis,J:17:2,1
2422,Neumonía en otras enfermedades clasificadas en otra parte,J:17:8,1
2423,"Neumonía hipostática, no especificada",J:18:2,1
2424,"Neumonía lobar, no especificada",J:18:1,1
2425,"Neumonía viral, no clasificada en otra parte",J:12,1
2426,Neumonía y bronconeumonías,J:18:9,1
2427,"Neumonía, organismo no especificado",J:18,1
2428,Neumopericardio originado en el período perinatal,P:25:3,1
2429,Neumotórax espontáneo a presión,J:93:0,1
2430,Neumotórax originado en el período perinatal,P:25:1,1
2431,"Neumotórax, no especificado",J:93:9,1
2432,Neuralgia del trigémino,G:50:0,1
2433,Neuralgia postherpes zoster (B02.2+),G:53:0,1
2434,"Neuralgia y neuritis, no especificadas",M:79:2,1
2435,Neurastenia,F:48:0,1
2436,Neuritis óptica,H:46,1
2437,Neurofibromatosis (no maligna),Q:85:0,1
2438,Neuropatía autónoma periférica idiopática,G:90:0,1
2439,"Neuropatía hereditaria e idiopática, sin otra especificación",G:60:9,1
2440,Neutropenia neonatal transitoria,P:61:5,1
2441,Nevo melanocítico del cuero cabelludo y del cuello,D:22:4,1
2442,Nevo melanocítico del labio,D:22:0,1
2443,"Nevo melanocítico del miembro inferior, incluida la cadera",D:22:7,1
2444,Nevo melanocítico del tronco,D:22:5,1
2445,"Nevo melanocítico, sitio no especificado",D:22:9,1
2446,"Nevo no neoplásico, congénito",Q:82:5,1
2447,"Nevo, no neoplásico",I:78:1,1
2448,Náusea y vómito,R:11,1
2449,Nódulo reumatoide,M:06:3,1
2450,Nódulos de las cuerdas vocales,J:38:2,1
2451,Obesidad,E:66,1
2452,Obesidad debida a exceso de calorías,E:66:0,1
2453,"Obesidad, no especificada",E:66:9,1
2454,Obstrucción de cuello de la vejiga,N:32:0,1
2455,"Obstrucción de la respiración debida a hundimiento, caída de tierra u otras sustancias, en área industrial y de la construcción",W:77:6,1
2456,Obstrucción del conducto biliar,K:83:1,1
2457,Obstrucción del duodeno,K:31:5,1
2458,Obstrucción intestinal debida a la leche espesa,P:76:2,1
2459,"Obstrucción intestinal del recién nacido, no especificada",P:76:9,1
2460,Obstrucción intestinal postoperatoria,K:91:3,1
2461,Obstrucción no especificada de la respiración,W:84,1
2462,"Obstrucción no especificada de la respiración, en lugar no especificado",W:84:9,1
2463,"Obstrucción no especificada de la respiración, en otro lugar especificado",W:84:8,1
2464,"Obstrucción no especificada de la respiración, en vivienda",W:84:0,1
2465,"Obstrucción no especificada de la respiración, en área industrial y de la construcción",W:84:6,1
2466,"Oclusión vascular retiniana, sin otra especificación",H:34:9,1
2467,Oclusión y estenosis de arteria cerebral no especificada,I:66:9,1
2468,Oclusión y estenosis de las arterias cerebrales sin ocasionar infarto cerebral,I:66,5
2469,Oclusión y estenosis de las arterias precerebrales sin ocasionar infarto cerebral,I:65,5
2470,Oculopatía debida a toxoplasma,B:58:0,1
2471,Oculopatía sifilítica congénita tardía,A:50:3,1
2472,Ocupante de automóvil lesionado por colisión con peatón o animal,V:40,1
2473,Oftalmoplejía externa progresiva,H:49:4,1
2474,Oftalmoplejía total (externa),H:49:3,1
2475,Oligohidramnios,O:41:0,2
2476,Onfalitis del recién nacido con o sin hemorragia leve,P:38,1
2477,Oreja supernumeraria,Q:17:0,1
2478,Orquitis por parotiditis (N51.1*),B:26:0,1
2479,Orquitis y epididimitis,N:45,1
2480,"Orquitis, epididimitis y orquiepididimitis con absceso",N:45:0,1
2481,"Orquitis, epididimitis y orquiepididimitis sin absceso",N:45:9,1
2482,Orzuelo y calacio,H:00,1
2483,Orzuelo y otras inflamaciones profundas del párpado,H:00:0,1
2484,Osteocondritis disecante,M:93:2,1
2485,"Osteocondrodisplasia, no especificada",Q:78:9,1
2486,"Osteocondropatía, no especificada",M:93:9,1
2487,Osteocondrosis juvenil de la tibia y del peroné,M:92:5,1
2488,Osteocondrosis juvenil del cúbito y del radio,M:92:1,1
2489,Osteodistrofia renal,N:25:0,1
2490,Osteogénesis imperfecta,Q:78:0,1
2491,Osteomalacia puerperal,M:83:0,1
2492,"Osteonecrosis, no especificada",M:87:9,1
2493,Osteopatía a consecuencia de poliomielitis,M:89:6,1
2494,"Osteoporosis no especificada, sin fractura patológica",M:81:9,1
2495,Otalgia,H:92:0,1
2496,Otalgia y secreción del oído,H:92,1
2497,Otitis externa,H:60,1
2498,"Otitis externa aguda, no infecciosa",H:60:5,1
2499,Otitis externa en enfermedades bacterianas clasificadas en otra parte,H:62:0,1
2500,Otitis externa en otras enfermedades infecciosas y parasitarias clasificadas en otra parte,H:62:3,1
2501,"Otitis externa, sin otra especificación",H:60:9,1
2502,Otitis media aguda serosa,H:65:0,1
2503,Otitis media crónica mucoide,H:65:3,1
2504,Otitis media crónica serosa,H:65:2,1
2505,Otitis media no supurativa,H:65,1
2506,"Otitis media no supurativa, sin otra especificación",H:65:9,1
2507,Otitis media supurativa aguda,H:66:0,1
2508,Otitis media supurativa crónica aticoantral,H:66:2,1
2509,Otitis media supurativa y la no especificada,H:66,1
2510,"Otitis media supurativa, sin otra especificación",H:66:4,1
2511,Otitis media tubotimpánica supurativa crónica,H:66:1,1
2512,"Otitis media, no especificada",H:66:9,1
2513,Otorragia,H:92:2,1
2514,Otorrea,H:92:1,1
2515,Otra cirugía reconstructiva,Y:83:4,1
2516,Otra hiperactividad corticosuprarrenal,E:27:0,1
2517,Otra hipocalcemia neonatal,P:71:1,1
2518,"Otra malformación congénita de la columna vertebral, no asociada con escoliosis",Q:76:4,1
2519,"Otra otitis media aguda, no supurativa",H:65:1,1
2520,"Otra reacción adversa a alimentos, no clasificada en otra parte",T:78:1,1
2521,Otra rinitis alérgica estacional,J:30:2,1
2522,Otras acariasis,B:88:0,1
2523,Otras afecciones de la piel específicas del feto y del recién nacido,P:83,1
2524,Otras afecciones eritematosas,L:53,1
2525,Otras afecciones eritematosas especificadas,L:53:8,1
2526,"Otras afecciones especificadas de la piel, propias del feto y del recién nacido",P:83:8,1
2527,Otras afecciones especificadas de la pleura,J:94:8,1
2528,Otras afecciones especificadas de los dientes y de sus estructuras de sostén,K:08:8,1
2529,Otras afecciones especificadas originadas en el período perinatal,P:96:8,1
2530,Otras afecciones hemorrágicas especificadas,D:69:8,1
2531,Otras afecciones originadas en el período perinatal,P:96,1
2532,"Otras afecciones relacionadas con el enfisema intersticial, originadas en el período perinatal",P:25:8,1
2533,Otras afecciones relacionadas con la poliarteritis nudosa,M:30:8,1
2534,Otras alteraciones cerebrales del recién nacido,P:91,1
2535,Otras alteraciones cerebrales especificadas del recién nacido,P:91:8,1
2536,Otras alteraciones de la regulación de la temperatura en el recién nacido,P:81,1
2537,Otras alteraciones de la sensibilidad cutánea y las no especificadas,R:20:8,1
2538,Otras alteraciones del gusto y del olfato y las no especificadas,R:43:8,1
2539,Otras alteraciones del habla y las no especificadas,R:47:8,1
2540,Otras alteraciones electrolíticas transitorias del recién nacido,P:74:4,1
2541,Otras alteraciones especificadas de la regulación de la temperatura del recién nacido,P:81:8,1
2542,Otras alteraciones visuales,H:53:8,1
2543,Otras anemias,D:64,1
2544,"Otras anemias congénitas, no clasificadas en otra parte",P:61:4,1
2545,Otras anemias especificadas,D:64:8,1
2546,Otras anemias hemolíticas adquiridas,D:59:8,1
2547,Otras anemias nutricionales especificadas,D:53:8,1
2548,Otras anemias por deficiencia de hierro,D:50:8,1
2549,Otras anemias sideroblásticas,D:64:3,1
2550,Otras anoftalmías,Q:11:1,1
2551,Otras anomalías congénitas del (de los) miembro(s),Q:74,1
2552,"Otras anomalías cromosómicas, no clasificadas en otra parte",Q:99,1
2553,"Otras anomalías de los cromosomas, especificadas",Q:99:8,1
2554,Otras anomalías dinámicas del trabajo de parto,O:62:8,2
2555,Otras anomalías hipoplásicas del encéfalo,Q:04:3,1
2556,Otras anormalidades de la respiración y las no especificadas,R:06:8,1
2557,Otras anormalidades fecales,R:19:5,1
2558,Otras apneas del recién nacido,P:28:4,1
2559,Otras arritmias cardíacas,I:49,5
2560,Otras artritis,M:13,1
2561,Otras atelectasias del recién nacido y las no especificadas,P:28:1,1
2562,Otras atresias y estenosis de la uretra y del cuello de la vejiga,Q:64:3,1
2563,Otras atrofias sistémicas que afectan el sistema nervioso central en enfermedad neoplásica,G:13:1,1
2564,"Otras bursitis, no clasificadas en otra parte",M:71:5,1
2565,Otras calcificaciones del músculo,M:61:4,1
2566,Otras cardiomiopatías,I:42:8,1
2567,Otras cardiomiopatías restrictivas,I:42:5,1
2568,Otras cataratas,H:26,1
2569,Otras causas mal definidas y las no especificadas de mortalidad,R:99,1
2570,Otras cirrosis del hígado y las no especificadas,K:74:6,1
2571,Otras cistitis,N:30:8,1
2572,Otras cistitis crónicas,N:30:2,1
2573,Otras colecistitis,K:81:8,1
2574,Otras colelitiasis,K:80:8,1
2575,Otras colitis ulcerativas,K:51:8,1
2576,Otras colitis y gastroenteritis no infecciosas,K:52,1
2577,Otras colitis y gastroenteritis no infecciosas especificadas,K:52:8,1
2578,"Otras complicaciones consecutivas a inmunización, no clasificadas en otra parte",T:88:1,1
2579,"Otras complicaciones consecutivas al aborto, al embarazo ectópico y al embarazo molar",O:08:8,2
2580,Otras complicaciones de la anestesia administrada durante el embarazo,O:29:8,2
2581,Otras complicaciones de la anestesia administrada durante el puerperio,O:89:8,2
2582,Otras complicaciones de la anestesia administrada durante el trabajo de parto y el parto,O:74:8,2
2583,Otras complicaciones de la anestesia espinal o epidural administradas durante el embarazo,O:29:5,2
2584,Otras complicaciones de la anestesia espinal o epidural administradas durante el puerperio,O:89:5,2
2585,Otras complicaciones de la cirugía y de otros procedimientos obstétricos,O:75:4,2
2586,"Otras complicaciones de procedimientos, no clasificadas en otra parte",T:81:8,1
2587,"Otras complicaciones del trabajo de parto y del parto, no clasificadas en otra parte",O:75,2
2588,"Otras complicaciones especificadas de la atención médica y quirúrgica, no clasificadas en otra parte",T:88:8,1
2589,Otras complicaciones especificadas del trabajo de parto y del parto,O:75:8,2
2590,Otras complicaciones especificadas relacionadas con el embarazo,O:26:8,2
2591,Otras complicaciones específicas del embarazo múltiple,O:31:8,2
2592,"Otras complicaciones puerperales, no clasificadas en otra parte",O:90:8,2
2593,Otras complicaciones pulmonares debidas a la anestesia administrada  durante el trabajo de parto y el parto,O:74:1,2
2594,"Otras complicaciones venosas consecutivas al aborto, al embarazo ectópico y al embarazo molar",O:08:7,2
2595,Otras complicaciones venosas en el embarazo,O:22:8,2
2596,Otras complicaciones venosas en el puerperio,O:87:8,2
2597,Otras complicaciones y las no especificadas de muñón de amputación,T:87:6,1
2598,Otras condrocalcinosis,M:11:2,1
2599,Otras conjuntivitis,H:10:8,1
2600,Otras conjuntivitis agudas,H:10:2,1
2601,Otras conjuntivitis virales (H13.1*),B:30:8,1
2602,Otras convulsiones y las no especificadas,R:56:8,1
2603,Otras deficiencias nutricionales especificadas,E:63:8,1
2604,Otras deformidades (adquiridas) del (de los) dedo(s) del pie,M:20:5,1
2605,Otras deformidades adquiridas de la cabeza,M:95:2,1
2606,"Otras deformidades adquiridas de los miembros, especificadas",M:21:8,1
2607,Otras deformidades adquiridas del tobillo y del pie,M:21:6,1
2608,Otras deformidades congénitas de la cadera,Q:65:8,1
2609,Otras deformidades congénitas de los pies,Q:66:8,1
2610,"Otras deformidades congénitas del cráneo, de la cara y de la mandíbula",Q:67:4,1
2611,"Otras deformidades congénitas osteomusculares, especificadas",Q:68:8,1
2612,Otras deformidades del pabellón auricular,Q:17:3,1
2613,Otras deformidades valgus congénitas de los pies,Q:66:6,1
2614,Otras deformidades varus congénitas de los pies,Q:66:3,1
2615,Otras dermatitis,L:30,1
2616,Otras dermatitis atópicas,L:20:8,1
2617,Otras dermatitis especificadas,L:30:8,1
2618,Otras dermatitis seborreicas,L:21:8,1
2619,Otras dermatofitosis,B:35:8,1
2620,Otras dermatomiositis,M:33:1,1
2621,Otras diabetes mellitus especificadas,E:13,5
2622,Otras dificultades respiratorias del recién nacido,P:22:8,1
2623,Otras distonías,G:24:8,1
2624,Otras dorsalgias,M:54:8,1
2625,Otras dorsopatías especificadas,M:53:8,1
2626,Otras embolias obstétricas,O:88:8,2
2627,Otras embolias y trombosis venosas,I:82,5
2628,"Otras encefalitis, mielitis y encefalomielitis",G:04:8,1
2629,Otras endoftalmitis,H:44:1,1
2630,Otras enfermedades bacterianas especificadas,A:48:8,1
2631,Otras enfermedades cardiopulmonares,I:27,1
2632,Otras enfermedades cardiopulmonares,I:27,5
2633,Otras enfermedades cardiopulmonares especificadas,I:27:8,1
2634,Otras enfermedades cardíacas mal definidas,I:51:8,1
2635,Otras enfermedades cerebrovasculares,I:67,1
2636,Otras enfermedades cerebrovasculares,I:67,5
2637,Otras enfermedades cerebrovasculares especificadas,I:67:8,1
2638,Otras enfermedades crónicas de las amígdalas y de las adenoides,J:35:8,1
2639,Otras enfermedades de la faringe,J:39:2,1
2640,Otras enfermedades de la lengua,K:14:8,1
2641,Otras enfermedades de la sangre y de los órganos hematopoyéticos,D:75,1
2642,"Otras enfermedades de la sangre y de los órganos hematopoyéticos y ciertos trastornos que afectan el sistema inmunitario cuando complican el embarazo, el parto y el puerperio",O:99:1,2
2643,Otras enfermedades de las glándulas salivales,K:11:8,1
2644,Otras enfermedades de las vías respiratorias superiores,J:39,1
2645,Otras enfermedades de los intestinos,K:63,1
2646,Otras enfermedades de los vasos pulmonares,I:28,5
2647,Otras enfermedades degenerativas especificadas del sistema nervioso,G:31:8,1
2648,Otras enfermedades del ano y del recto,K:62,1
2649,Otras enfermedades del bazo,D:73:8,1
2650,Otras enfermedades del pericardio,I:31,5
2651,Otras enfermedades del sistema digestivo,K:92,1
2652,"Otras enfermedades desmielinizantes del sistema nervioso central, especificadas",G:37:8,1
2653,Otras enfermedades diarreicas agudas,A:09:X,1
2654,Otras enfermedades especificadas de la sangre y de los órganos hematopoyéticos,D:75:8,1
2655,Otras enfermedades especificadas de la vesícula biliar,K:82:8,1
2656,Otras enfermedades especificadas de los maxilares,K:10:8,1
2657,Otras enfermedades especificadas del ano y del recto,K:62:8,1
2658,Otras enfermedades especificadas del apéndice,K:38:8,1
2659,Otras enfermedades especificadas del estómago y del duodeno,K:31:8,1
2660,Otras enfermedades especificadas del esófago,K:22:8,1
2661,Otras enfermedades especificadas del hígado,K:76:8,1
2662,Otras enfermedades especificadas del intestino,K:63:8,1
2663,Otras enfermedades especificadas del pericardio,I:31:8,1
2664,Otras enfermedades especificadas del sistema digestivo,K:92:8,1
2665,"Otras enfermedades especificadas y afecciones que complican el embarazo, el parto y el puerperio",O:99:8,2
2666,Otras enfermedades hemolíticas del feto y del recién nacido,P:55:8,1
2667,Otras enfermedades infecciosas y las no especificadas,B:99,1
2668,Otras enfermedades infecciosas y parasitarias congénitas,P:37,1
2669,"Otras enfermedades infenciosas y parasitarias maternas que complican el embarazo, el parto y el puerperio",O:98:8,2
2670,"Otras enfermedades inflamatorias del hígado, especificadas",K:75:8,1
2671,Otras enfermedades intestinales especificadas debidas a protozoarios,A:07:8,1
2672,Otras enfermedades isquémicas agudas del corazón,I:24,5
2673,"Otras enfermedades maternas clasificables en otra parte, pero que complican el embarazo, el parto y el puerperio",O:99,2
2674,Otras enfermedades neonatales infecciosas o parasitarias especificadas,P:37:8,1
2675,Otras enfermedades periodontales,K:05:5,1
2676,Otras enfermedades por clamidias,A:74:8,1
2677,Otras enfermedades pulmonares intersticiales,J:84,1
2678,Otras enfermedades pulmonares intersticiales con fibrosis,J:84:1,1
2679,Otras enfermedades pulmonares intersticiales especificadas,J:84:8,1
2680,Otras enfermedades pulmonares obstructivas crónicas,J:44,1
2681,Otras enfermedades pulmonares obstructivas crónicas,J:44,5
2682,Otras enfermedades pulmonares obstructivas crónicas especificadas,J:44:8,1
2683,Otras enfermedades renales quísticas,Q:61:8,1
2684,Otras enfermedades respiratorias crónicas originadas en el período perinatal,P:27:8,1
2685,Otras enfermedades reumáticas del corazón,I:09,5
2686,Otras enfermedades vasculares periféricas,I:73,5
2687,Otras enfermedades virales congénitas,P:35:8,1
2688,Otras enfermedades virales especificadas,B:33:8,1
2689,"Otras enfermedades virales que complican el embarazo, el parto y el puerperio",O:98:5,2
2690,Otras enteritis virales,A:08:3,1
2691,Otras entesopatías del pie,M:77:5,1
2692,Otras epilepsias,G:40:8,1
2693,Otras epilepsias y síndromes epilépticos generalizados,G:40:4,1
2694,Otras esfingolipidosis,E:75:2,1
2695,Otras fallas de coordinación,R:27,1
2696,Otras fallas de la coordinación y las no especificadas,R:27:8,1
2697,Otras faltas del desarrollo fisiológico normal esperado,R:62:8,1
2698,Otras fiebres hemorrágicas virales no especificadas,A:98:9,1
2699,Otras fiebres virales transmitidas por mosquitos,A:92,1
2700,Otras formas de choque,R:57:8,1
2701,Otras formas de criptococosis,B:45:8,1
2702,Otras formas de enfermedad isquémica aguda del corazón,I:24:8,1
2703,Otras formas de estomatitis,K:12:1,1
2704,Otras formas de infecciones herpéticas,B:00:8,1
2705,Otras formas de nocardiosis,A:43:8,1
2706,Otras formas de peste,A:20:8,1
2707,Otras formas especificadas de catarata,H:26:8,1
2708,Otras gangliosidosis,E:75:1,1
2709,Otras gastritis,K:29:6,1
2710,Otras gastritis agudas,K:29:1,1
2711,Otras helmintiasis especificadas,B:83:8,1
2712,Otras hemoglobinopatías,D:58:2,1
2713,Otras hemorragias anteparto,O:46:8,2
2714,Otras hemorragias fetales y neonatales especificadas,P:54:8,1
2715,Otras hemorragias gastrointestinales neonatales,P:54:3,1
2716,Otras hemorragias intracraneales (no traumáticas) del feto y del recién nacido,P:52:8,1
2717,Otras hemorragias intracraneales no traumáticas,I:62,5
2718,Otras hemorragias intraparto,O:67:8,2
2719,Otras hemorragias neonatales,P:54,1
2720,Otras hemorragias postparto inmediatas,O:72:1,2
2721,Otras hemorragias precoces del embarazo,O:20:8,2
2722,Otras hemorragias pulmonares originadas en el período perinatal,P:26:8,1
2723,Otras hemorragias umbilicales del recién nacido,P:51:8,1
2724,Otras hemorragias y laceraciones intracraneales debidas a traumatismo del nacimiento,P:10:8,1
2725,Otras hepatitis virales agudas,B:17,1
2726,"Otras hernias de la cavidad abdominal especificadas, con obstrucción, sin gangrena",K:45:0,1
2727,"Otras hernias de la cavidad abdominal especificadas, sin obstrucción ni gangrena",K:45:8,1
2728,Otras hidronefrosis y las no especificadas,N:13:3,1
2729,Otras hiperfunciones de la glándula hipófisis,E:22:8,1
2730,Otras hipertensiones pulmonares secundarias,I:27:2,1
2731,Otras hipertricosis,L:68:8,1
2732,Otras hipoglicemias neonatales,P:70:4,1
2733,Otras hipotermias del recién nacido,P:80:8,1
2734,Otras ictiosis congénitas,Q:80:8,1
2735,Otras incontinencias urinarias especificadas,N:39:4,1
2736,Otras inercias uterinas,O:62:2,2
2737,Otras inestabilidades articulares,M:25:3,1
2738,Otras infecciones agudas de sitios múltiples de las vías respiratorias superiores,J:06:8,1
2739,Otras infecciones bacterianas de sitio no especificado,A:49:8,1
2740,"Otras infecciones con un modo de transmisión predominantemente sexual que complican el embarazo, el parto y el puerperio",O:98:3,2
2741,Otras infecciones de las vías genitourinarias consecutivas al parto,O:86:3,2
2742,Otras infecciones debidas a ortopoxvirus,B:08:0,1
2743,Otras infecciones del sistema nervioso central por virus atípico,A:81:8,1
2744,Otras infecciones durante el trabajo de parto,O:75:3,2
2745,Otras infecciones especificadas como debidas a Salmonella,A:02:8,1
2746,Otras infecciones especificadas propias del período perinatal,P:39:8,1
2747,Otras infecciones específicas del período perinatal,P:39,1
2748,Otras infecciones genitales consecutivas al parto,O:86:1,2
2749,Otras infecciones intestinales bacterianas,A:04,1
2750,Otras infecciones intestinales bacterianas especificadas,A:04:8,1
2751,Otras infecciones intestinales debidas a Escherichia coli,A:04:4,1
2752,Otras infecciones intestinales especificadas,A:08:5,1
2753,Otras infecciones locales de la piel y del tejido subcutáneo,L:08,1
2754,Otras infecciones locales especificadas de la piel y del tejido subcutáneo,L:08:8,1
2755,Otras infecciones meningocócicas:,A:39:8,1
2756,Otras infecciones por micobacterias,A:31:8,1
2757,Otras infecciones puerperales,O:86,2
2758,Otras infecciones puerperales especificadas,O:86:8,2
2759,Otras infecciones respiratorias agudas,J:22:X,1
2760,Otras infecciones virales de sitio no especificado,B:34:8,1
2761,Otras infecciones virales especificadas del sistema nervioso central,A:88:8,1
2762,"Otras infecciones virales especificadas, caracterizadas por lesiones de la piel y de las membranas mucosas",B:08:8,1
2763,Otras infecciones y las no especificadas de las vías genitourinarias en el embarazo,O:23:9,2
2764,Otras infestaciones debidas a artrópodos,B:88:2,1
2765,Otras insuficiencias renales agudas,N:17:8,1
2766,Otras insuficiencias renales crónicas,N:18:8,1
2767,Otras intoxicaciones alimentarias bacterianas,A:05,1
2768,Otras isquemias cerebrales transitorias y síndromes afines,G:45:8,1
2769,"Otras lesiones articulares específicas, no clasificadas en otra parte",M:24:8,1
2770,Otras lesiones del hombro,M:75:8,1
2771,"Otras lesiones especificadas del encéfalo, debidas a traumatismo del nacimiento",P:11:1,1
2772,Otras lesiones y las no especificadas de la mucosa bucal,K:13:7,1
2773,Otras leucemias de tipo celular especificado,C:94,5
2774,Otras linfadenitis inespecíficas,I:88:8,1
2775,Otras malformaciones congénitas de la arteria pulmonar,Q:25:7,1
2776,Otras malformaciones congénitas de la boca,Q:38:6,1
2777,Otras malformaciones congénitas de la córnea,Q:13:4,1
2778,Otras malformaciones congénitas de la faringe,Q:38:8,1
2779,Otras malformaciones congénitas de la lengua,Q:38:3,1
2780,Otras malformaciones congénitas de la médula espinal,Q:06,1
2781,Otras malformaciones congénitas de la pared abdominal,Q:79:5,1
2782,"Otras malformaciones congénitas de la piel, especificadas",Q:82:8,1
2783,Otras malformaciones congénitas de la vulva,Q:52:7,1
2784,Otras malformaciones congénitas de las costillas,Q:76:6,1
2785,Otras malformaciones congénitas de las cámaras cardíacas y sus conexiones,Q:20:8,1
2786,"Otras malformaciones congénitas de las faneras, especificadas",Q:84:8,1
2787,Otras malformaciones congénitas de las grandes arterias,Q:25:8,1
2788,Otras malformaciones congénitas de los ovarios,Q:50:3,1
2789,Otras malformaciones congénitas de los párpados,Q:10:3,1
2790,Otras malformaciones congénitas de los tabiques cardíacos,Q:21:8,1
2791,Otras malformaciones congénitas de los testículos y del escroto,Q:55:2,1
2792,"Otras malformaciones congénitas de los órganos genitales femeninos, especificadas",Q:52:8,1
2793,"Otras malformaciones congénitas del (de los) miembro(s) inferior(es), incluida la cintura pelviana",Q:74:2,1
2794,"Otras malformaciones congénitas del (de los) miembro(s) superior(es), incluida la cintura escapular",Q:74:0,1
2795,Otras malformaciones congénitas del aparato lagrimal,Q:10:6,1
2796,"Otras malformaciones congénitas del aparato urinario, especificadas",Q:64:8,1
2797,"Otras malformaciones congénitas del corazón, especificadas",Q:24:8,1
2798,"Otras malformaciones congénitas del encéfalo, especificadas",Q:04:8,1
2799,"Otras malformaciones congénitas del estómago, especificadas",Q:40:2,1
2800,Otras malformaciones congénitas del esófago,Q:39:8,1
2801,"Otras malformaciones congénitas del intestino, especificadas",Q:43:8,1
2802,Otras malformaciones congénitas del ojo,Q:15,1
2803,"Otras malformaciones congénitas del ojo, especificadas",Q:15:8,1
2804,Otras malformaciones congénitas del oído,Q:17,1
2805,Otras malformaciones congénitas del oído medio,Q:16:4,1
2806,"Otras malformaciones congénitas del oído, especificadas",Q:17:8,1
2807,Otras malformaciones congénitas del pene,Q:55:6,1
2808,Otras malformaciones congénitas del sistema digestivo,Q:45,1
2809,Otras malformaciones congénitas del sistema nervioso,Q:07,1
2810,"Otras malformaciones congénitas del sistema nervioso, especificadas",Q:07:8,1
2811,Otras malformaciones congénitas del sistema osteomuscular,Q:79:8,1
2812,Otras malformaciones congénitas especificadas de cara y cuello,Q:18:8,1
2813,Otras malformaciones congénitas especificadas de la médula espinal,Q:06:8,1
2814,Otras malformaciones congénitas especificadas de los huesos del cráneo y de la cara,Q:75:8,1
2815,Otras malformaciones congénitas especificadas del (de los) miembro(s),Q:74:8,1
2816,"Otras malformaciones congénitas, especificadas",Q:89:8,1
2817,"Otras malformaciones congénitas, no clasificadas en otra parte",Q:89,1
2818,Otras meningitis,G:03:8,1
2819,Otras meningitis bacterianas,G:00:8,1
2820,Otras meningitis virales,A:87:8,1
2821,Otras metahemoglobinemias,D:74:8,1
2822,Otras micosis especificadas,B:48:8,1
2823,Otras micosis superficiales,B:36,1
2824,Otras micosis superficiales especificadas,B:36:8,1
2825,"Otras micosis, no clasificadas en otra parte",B:48,1
2826,Otras migrañas,G:43:8,1
2827,Otras mucopolisacaridosis,E:76:2,1
2828,Otras neumonías bacterianas,J:15:8,1
2829,"Otras neumonías, de microorganismo no especificado",J:18:8,1
2830,Otras neuropatías hereditarias e idiopáticas,G:60:8,1
2831,Otras obstrucciones del intestino,K:56:4,1
2832,Otras obstrucciones del trabajo de parto,O:66,2
2833,Otras obstrucciones especificadas del trabajo de parto,O:66:8,2
2834,Otras obstrucciones intestinales del recién nacido,P:76,1
2835,Otras obstrucciones intestinales especificadas del recién nacido,P:76:8,1
2836,Otras obstrucciones intestinales y las no especificadas,K:56:6,1
2837,Otras opacidades centrales de la córnea,H:17:1,1
2838,Otras opacidades o cicatrices de la córnea,H:17:8,1
2839,Otras osteoartropatías hipertróficas,M:89:4,1
2840,Otras osteocondrodisplasias especificadas,Q:78:8,1
2841,Otras osteocondropatías especificadas,M:93:8,1
2842,"Otras osteoporosis, con fractura patológica",M:80:8,1
2843,"Otras osteoporosis, sin fractura patológica",M:81:8,1
2844,Otras otitis externas,H:60:8,1
2845,Otras otitis externas infecciosas,H:60:3,1
2846,Otras otitis medias crónicas supurativas,H:66:3,1
2847,Otras peritonitis,K:65:8,1
2848,"Otras poliomielitis agudas paralíticas, y las no especificadas",A:80:3,1
2849,Otras porfirias,E:80:2,1
2850,Otras psoriasis,L:40:8,1
2851,Otras pérdidas de sangre fetal,P:50:8,1
2852,Otras quemaduras solares,L:55:8,1
2853,Otras queratitis superficiales sin conjuntivitis,H:16:1,1
2854,Otras reacciones al estrés grave,F:43:8,1
2855,Otras rinitis alérgicas,J:30:3,1
2856,Otras septicemias,A:41,1
2857,Otras septicemias especificadas,A:41:8,1
2858,Otras shigelosis,A:03:8,1
2859,Otras sinovitis y tenosinovitis,M:65:8,1
2860,Otras sinusitis agudas,J:01:8,1
2861,Otras sífilis secundarias,A:51:4,1
2862,Otras sífilis y las no especificadas,A:53,1
2863,Otras trombocitopenias primarias,D:69:4,1
2864,Otras uretritis,N:34:2,1
2865,Otras uropatías obstructivas y por reflujo,N:13:8,1
2866,Otras urticarias,L:50:8,1
2867,Otras vasculitis limitadas a la piel,L:95:8,1
2868,Otro aborto,O:05,2
2869,"Otro aborto, completo o no especificado, complicado con infección genital y pelviana",O:05:5,2
2870,"Otro aborto, completo o no especificado, complicado por embolia",O:05:7,2
2871,"Otro aborto, completo o no especificado, complicado por hemorragia excesiva o tardía",O:05:6,2
2872,"Otro aborto, completo o no especificado, con otras complicaciones especificadas y las no especificadas",O:05:8,2
2873,"Otro aborto, completo o no especificado, sin complicación",O:05:9,2
2874,"Otro aborto, incompleto, complicado con infección genital y pelviana",O:05:0,2
2875,"Otro aborto, incompleto, complicado por embolia",O:05:2,2
2876,"Otro aborto, incompleto, complicado por hemorragia excesiva o tardía",O:05:1,2
2877,"Otro aborto, incompleto, con otras complicaciones especificadas y las no especificadas",O:05:3,2
2878,"Otro aborto, incompleto, sin complicación",O:05:4,2
2879,Otro dolor crónico,R:52:2,1
2880,Otro peso bajo al nacer,P:07:1,1
2881,Otro trauma obstétrico,O:71,2
2882,Otro traumatismo de la médula espinal lumbar,S:34:1,1
2883,Otro traumatismo del plexo braquial durante el nacimiento,P:14:3,1
2884,Otro(s) dedo(s) del pie en martillo (adquiridos),M:20:4,1
2885,Otros acnés,L:70:8,1
2886,Otros agentes bacterianos especificados como causa de enfermedades clasificadas en otros capítulos,B:96:8,1
2887,Otros aneurismas,I:72,5
2888,Otros cambios de la piel debidos a exposición crónica a radiación no ionizante,L:57:8,1
2889,Otros cambios de la piel y los no especificados,R:23:8,1
2890,Otros cambios de las vías lagrimales,H:04:6,1
2891,Otros cambios en la piel,R:23,1
2892,Otros defectos especificados de la coagulación,D:68:8,1
2893,Otros defectos por reducción de miembro(s) no especificado(s),Q:73:8,1
2894,Otros defectos por reducción del (de los) miembro(s) inferior(es),Q:72:8,1
2895,Otros defectos por reducción del (de los) miembro(s) superior(es),Q:71:8,1
2896,Otros desgarros (no traumáticos) del músculo,M:62:1,1
2897,Otros desplazamientos especificados de disco intervertebral,M:51:2,1
2898,Otros desprendimientos prematuros de la placenta,O:45:8,2
2899,Otros dolores abdominales y los no especificados,R:10:4,1
2900,Otros dolores en el pecho,R:07:3,1
2901,"Otros edemas y los no especificados, propios del feto y del recién nacido",P:83:3,1
2902,Otros embarazos ectópicos,O:00:8,2
2903,Otros embarazos múltiples,O:30:8,2
2904,Otros episodios depresivos,F:32:8,1
2905,Otros eritemas figurados crónicos,L:53:3,1
2906,Otros eritemas multiformes,L:51:8,1
2907,Otros estados epilépticos,G:41:8,1
2908,Otros estrabismos especificados,H:50:8,1
2909,"Otros eventos especificados, de intención no determinada",Y:33,1
2910,"Otros eventos especificados, de intención no determinada, en lugar no especificado",Y:33:9,1
2911,Otros fracasos de la inducción del trabajo de parto,O:61:8,2
2912,"Otros gases, humos y vapores especificados",T:59:8,1
2913,Otros hallazgos anormales en el examen prenatal de la madre,O:28:8,2
2914,Otros hallazgos anormales en la orina,R:82,1
2915,Otros hallazgos anormales en la orina y los no especificados,R:82:9,1
2916,Otros hallazgos anormales especificados en la química sanguínea,R:79:8,1
2917,Otros hidroceles,N:43:2,1
2918,Otros hidrocéfalos congénitos,Q:03:8,1
2919,"Otros intentos fallidos de aborto y los no especificados, complicados por embolia",O:07:7,2
2920,"Otros intentos fallidos de aborto y los no especificados, complicados por hemorragia excesiva o tardía",O:07:6,2
2921,"Otros intentos fallidos de aborto y los no especificados, complicados por infección genital y pelviana",O:07:5,2
2922,"Otros intentos fallidos de aborto y los no especificados, con otras complicaciones y las no especificadas",O:07:8,2
2923,"Otros intentos fallidos de aborto y los no especificados, sin complicación",O:07:9,2
2924,Otros lupus eritematosos localizados,L:93:2,1
2925,Otros neumotórax,J:93:8,1
2926,"Otros plaguicida, no especificado",T:60:9,1
2927,Otros plaguicidas,T:60:8,1
2928,Otros problemas de alimentación del recién nacido,P:92:8,1
2929,"Otros problemas respiratorios del recién nacido, originados en el período perinatal",P:28,1
2930,Otros problemas respiratorios especificados del recién nacido,P:28:8,1
2931,"Otros procedimiento mèdicos como la causa de reaccion anormal del paciente o de complicacion posterior, sin mencion de incidente en el momento de efectuar el procedimiento radiologico y radioterapia",Y:84:2,1
2932,"Otros procedimientos médicos como la causa de reacción anormal del paciente o de complicación posterior, sin mención de incidente en el momento de efectuar el procedimiento Aspiración de líquidos",Y:84:4,1
2933,"Otros procedimientos médicos como la causa de reacción anormal del paciente o de complicación posterior, sin mención de incidente en el momento de efectuar el procedimiento Cateterización cardíaca",Y:84:0,1
2934,"Otros procedimientos médicos como la causa de reacción anormal del paciente o de complicación posterior, sin mención de incidente en el momento de efectuar el procedimiento Otros procedimientos médicos",Y:84:8,1
2935,"Otros procedimientos médicos como la causa de reacción anormal del paciente o de complicación posterior, sin mención de incidente en el momento de efectuar el procedimiento médico no especificado",Y:84:9,1
2936,Otros procedimientos quirúrgicos,Y:83:8,1
2937,Otros productos anormales de la concepción,O:02,2
2938,Otros productos anormales especificados de la concepción,O:02:8,2
2939,Otros prurigos,L:28:2,1
2940,Otros pruritos,L:29:8,1
2941,Otros pénfigos,L:10:8,1
2942,Otros pólipos de los senos paranasales,J:33:8,1
2943,Otros quistes de la bolsa serosa,M:71:3,1
2944,"Otros quistes de la región bucal, no clasificados en otra parte",K:09:8,1
2945,Otros quistes de los maxilares,K:09:2,1
2946,Otros quistes foliculares de la piel y del tejido subcutáneo,L:72:8,1
2947,Otros quistes óseos,M:85:6,1
2948,Otros recién nacidos con sobrepeso para la edad gestacional,P:08:1,1
2949,Otros recién nacidos pretérmino,P:07:3,1
2950,Otros sonidos cardíacos,R:01:2,1
2951,Otros síndromes de aspiración neonatal,P:24:8,1
2952,Otros síndromes de cefalea,G:44,1
2953,Otros síndromes de cefalea especificados,G:44:8,1
2954,Otros síndromes de malformaciones congénitas con otros cambios esqueléticos,Q:87:5,1
2955,Otros síndromes de malformaciones congénitas debidos a causas exógenas conocidas,Q:86:8,1
2956,"Otros síndromes de malformaciones congénitas especificados, no clasificados en otra parte",Q:87:8,1
2957,Otros síndromes de maltrato por padre o madre,Y:07:1,1
2958,Otros síndromes del maltrato,T:74:8,1
2959,Otros síndromes mielodisplásicos,D:46:7,1
2960,Otros síndromes paralíticos especificados,G:83:8,1
2961,Otros síntomas y signos concernientes a la alimentación y a la ingestión de líquidos,R:63:8,1
2962,Otros síntomas y signos especificados que involucran el sistema digestivo y el abdomen,R:19:8,1
2963,Otros síntomas y signos especificados que involucran los sistemas circulatorio y respiratorio,R:09:8,1
2964,Otros síntomas y signos generales,R:68,1
2965,Otros síntomas y signos generales especificados,R:68:8,1
2966,Otros síntomas y signos que involucran el estado emocional,R:45:8,1
2967,Otros síntomas y signos que involucran el sistema digestivo y el abdomen,R:19,1
2968,Otros síntomas y signos que involucran el sistema urinario y los no especificados,R:39:8,1
2969,Otros síntomas y signos que involucran la apariencia y el comportamiento,R:46:8,1
2970,Otros síntomas y signos que involucran la función cognoscitiva y la conciencia y los no especificados,R:41:8,1
2971,Otros síntomas y signos que involucran los sistemas circulatorio y respiratorio,R:09,1
2972,Otros síntomas y signos que involucran los sistemas nervioso y  osteomuscular,R:29,1
2973,Otros síntomas y signos que involucran los sistemas nervioso y osteomuscular y los no especificados,R:29:8,1
2974,Otros tipos de apendicitis,K:36,1
2975,Otros tipos de bloqueo auriculoventricular y los no especificados,I:44:3,1
2976,Otros tipos de despolarización prematura y los no especificados,I:49:4,1
2977,Otros tipos de enfermedad de Crohn,K:50:8,1
2978,Otros tipos de enfisema,J:43:8,1
2979,Otros tipos de hidrocéfalo,G:91:8,1
2980,Otros tipos de hiperalimentación,E:67,1
2981,Otros tipos de hiperpigmentación melanodérmica,L:81:4,1
2982,Otros tipos de hipotensión,I:95:8,1
2983,Otros tipos de intolerancia a la lactosa,E:73:8,1
2984,Otros tipos de malabsorción intestinal,K:90:8,1
2985,Otros tipos de neumotórax espontáneo,J:93:1,1
2986,Otros tipos de obesidad,E:66:8,1
2987,Otros tipos de parálisis cerebral infantil,G:80:8,1
2988,"Otros tipos de retraso mental, deterioro del comportamiento de grado no especificado",F:78:9,1
2989,Otros tipos especificados de linfoma no Hodgkin,C:85:7,1
2990,Otros trastornos adrenogenitales,E:25:8,1
2991,Otros trastornos arteriales o arteriolares,I:77,5
2992,Otros trastornos atróficos de la piel,L:90:8,1
2993,Otros trastornos cardiovasculares originados en el período perinatal,P:29:8,1
2994,Otros trastornos cardíacos en enfermedades bacterianas clasificadas en otra parte,I:52:0,1
2995,Otros trastornos cardíacos en enfermedades clasificadas en otra parte,I:52,1
2996,Otros trastornos cardíacos en enfermedades clasificadas en otra parte,I:52,5
2997,Otros trastornos cardíacos en otras enfermedades clasificadas en otra parte,I:52:8,1
2998,Otros trastornos de ansiedad,F:41,1
2999,Otros trastornos de ansiedad especificados,F:41:8,1
3000,Otros trastornos de ansiedad mixtos,F:41:3,1
3001,Otros trastornos de disminución de la formación de la melanina,L:81:6,1
3002,Otros trastornos de la absorción intestinal de carbohidratos,E:74:3,1
3003,Otros trastornos de la conducción,I:45,5
3004,Otros trastornos de la glándula lagrimal,H:04:1,1
3005,Otros trastornos de la ingestión de alimentos,F:50:8,1
3006,Otros trastornos de la mama,N:64,1
3007,Otros trastornos de la mama y de la lactancia asociados con el parto,O:92,2
3008,Otros trastornos de la mama y los no especificados asociados con el parto,O:92:2,2
3009,Otros trastornos de la nariz y de los senos paranasales,J:34,1
3010,Otros trastornos de la piel y del tejido subcutáneo en enfermedades  clasificadas en otra parte,L:99,1
3011,"Otros trastornos de la piel y del tejido subcutáneo, no clasificados en otra parte",L:98,1
3012,Otros trastornos de la refracción,H:52:6,1
3013,Otros trastornos de la retina en enfermedades clasificadas en otra parte,H:36:8,1
3014,Otros trastornos de las raíces y plexos nerviosos,G:54:8,1
3015,Otros trastornos de las venas,I:87,5
3016,Otros trastornos de los leucocitos,D:72,1
3017,"Otros trastornos de los líquidos, de los electrólitos y del equilibrio ácido-básico",E:87,1
3018,Otros trastornos de los meniscos,M:23:3,1
3019,Otros trastornos de los músculos en enfermedades clasificadas en otra parte,M:63:8,1
3020,Otros trastornos de los tejidos blandos en enfermedades clasificadas en otra parte,M:73:8,1
3021,"Otros trastornos de los tejidos blandos, no clasificados en otra parte",M:79,1
3022,Otros trastornos de los órganos genitales masculinos en enfermedades clasificadas en otra parte,N:51:8,1
3023,Otros trastornos del desarrollo de los dientes,K:00:8,1
3024,Otros trastornos del desarrollo del habla y del lenguaje,F:80:8,1
3025,Otros trastornos del desarrollo psicológico,F:88,1
3026,Otros trastornos del desarrollo y crecimiento óseo,M:89:2,1
3027,Otros trastornos del encéfalo,G:93,1
3028,"Otros trastornos del equilibrio de los electrólitos y de los líquidos, no clasificados en otra parte",E:87:8,1
3029,Otros trastornos del globo ocular,H:44:8,1
3030,Otros trastornos del humor [afectivos],F:38,1
3031,"Otros trastornos del humor [afectivos], aislados",F:38:0,1
3032,"Otros trastornos del humor [afectivos], especificados",F:38:8,1
3033,Otros trastornos del líquido amniótico y de las membranas,O:41,2
3034,Otros trastornos del metabolismo de la bilirrubina,E:80:6,1
3035,Otros trastornos del metabolismo de las lipoproteínas,E:78:8,1
3036,Otros trastornos del metabolismo de los glucosaminoglicanos,E:76:8,1
3037,Otros trastornos del nervio óptico [II par] y de las vías opticas,H:47,1
3038,Otros trastornos del pulmón,J:98:4,1
3039,Otros trastornos del sistema circulatorio en enfermedades clasificadas en otra parte,I:98,5
3040,Otros trastornos del sistema nervioso autónomo,G:90:8,1
3041,Otros trastornos del sistema nervioso autónomo en otras enfermedades clasificadas en otra parte,G:99:1,1
3042,Otros trastornos del sistema nervioso consecutivos a procedimientos,G:97:8,1
3043,"Otros trastornos del sistema nervioso, no clasificados en otra parte",G:98,1
3044,Otros trastornos del sistema urinario,N:39,1
3045,Otros trastornos emocionales en la niñez,F:93:8,1
3046,Otros trastornos emocionales y del comportamiento que aparecen habitualmente en la niñez y en la adolescencia,F:98:8,1
3047,Otros trastornos endocrinos especificados,E:34:8,1
3048,Otros trastornos especificados de la bolsa serosa,M:71:8,1
3049,Otros trastornos especificados de la encía y de la zona edéntula,K:06:8,1
3050,Otros trastornos especificados de la glándula suprarrenal,E:27:8,1
3051,Otros trastornos especificados de la mama,N:64:8,1
3052,Otros trastornos especificados de la nariz y de los senos paranasales,J:34:8,1
3053,Otros trastornos especificados de la piel y del tejido subcutáneo,L:98:8,1
3054,Otros trastornos especificados de la piel y del tejido subcutáneo relacionados con radiación,L:59:8,1
3055,Otros trastornos especificados de la pigmentación,L:81:8,1
3056,Otros trastornos especificados de la uretra,N:36:8,1
3057,Otros trastornos especificados de los leucocitos,D:72:8,1
3058,Otros trastornos especificados de los músculos,M:62:8,1
3059,Otros trastornos especificados de los tejidos blandos,M:79:8,1
3060,Otros trastornos especificados de los órganos genitales masculinos,N:50:8,1
3061,Otros trastornos especificados del aparato lagrimal,H:04:8,1
3062,Otros trastornos especificados del cartílago,M:94:8,1
3063,Otros trastornos especificados del cristalino,H:27:8,1
3064,Otros trastornos especificados del encéfalo,G:93:8,1
3065,Otros trastornos especificados del líquido amniótico y de las membranas,O:41:8,2
3066,Otros trastornos especificados del metabolismo,E:88:8,1
3067,Otros trastornos especificados del ojo en enfermedades clasificadas en otra parte,H:58:8,1
3068,Otros trastornos especificados del ojo y sus anexos,H:57:8,1
3069,Otros trastornos especificados del oído en enfermedades clasificadas en otra parte,H:94:8,1
3070,Otros trastornos especificados del oído interno,H:83:8,1
3071,Otros trastornos especificados del pene,N:48:8,1
3072,Otros trastornos especificados del peritoneo,K:66:8,1
3073,Otros trastornos especificados del párpado,H:02:8,1
3074,Otros trastornos especificados del riñón y del uréter,N:28:8,1
3075,Otros trastornos especificados del sistema nervioso en enfermedades clasificadas en otra parte,G:99:8,1
3076,Otros trastornos especificados del sistema urinario,N:39:8,1
3077,Otros trastornos especificados no infecciosos de los vasos y ganglios linfáticos,I:89:8,1
3078,Otros trastornos foliculares especificados,L:73:8,1
3079,Otros trastornos funcionales del intestino,K:59,1
3080,Otros trastornos funcionales del párpado,H:02:5,1
3081,Otros trastornos funcionales especificados del intestino,K:59:8,1
3082,Otros trastornos granulomatosos de la piel y del tejido subcutáneo,L:92:8,1
3083,Otros trastornos hematológicos perinatales,P:61,1
3084,Otros trastornos infiltrativos de la piel y del tejido subcutáneo,L:98:6,1
3085,Otros trastornos inflamatorios de los órganos genitales masculinos,N:49:8,1
3086,Otros trastornos inflamatorios del pene,N:48:2,1
3087,Otros trastornos neonatales transitorios de la coagulación,P:61:6,1
3088,"Otros trastornos neonatales transitorios de la función tiroidea, no clasificados en otra parte",P:72:2,1
3089,Otros trastornos neuróticos especificados,F:48:8,1
3090,Otros trastornos no infecciosos de los vasos y ganglios linfáticos,I:89,5
3091,Otros trastornos no reumáticos de la válvula mitral,I:34:8,1
3092,Otros trastornos perinatales del sistema digestivo,P:78,1
3093,Otros trastornos perinatales específicos del sistema digestivo,P:78:8,1
3094,Otros trastornos placentarios,O:43:8,2
3095,Otros trastornos por tics,F:95:8,1
3096,Otros trastornos respiratorios,J:98,1
3097,Otros trastornos respiratorios consecutivos a procedimientos,J:95:8,1
3098,Otros trastornos respiratorios especificados,J:98:8,1
3099,Otros trastornos resultantes de la función tubular renal alterada,N:25:8,1
3100,Otros trastornos sinoviales y tendinosos en enfermedades clasificadas en otra parte,M:68:8,1
3101,Otros trastornos somatomorfos,F:45:8,1
3102,Otros trastornos sudoríparos ecrinos,L:74:8,1
3103,Otros trastornos transitorios del metabolismo de los carbohidratos en el feto y el recién nacido,P:70:8,1
3104,Otros trastornos uretrales en enfermedades clasificadas en otra parte,N:37:8,1
3105,Otros trastornos vasculares del intestino,K:55:8,1
3106,Otros trastornos vasculares y quistes conjuntivales,H:11:4,1
3107,Otros trastornos y los no especificados de la lactancia,O:92:7,2
3108,Otros trastornos y los no especificados del sistema circulatorio,I:99,1
3109,Otros trastornos y los no especificados del sistema circulatorio,I:99,5
3110,Otros traumas obstétricos especificados,O:71:8,2
3111,"Otros traumatismos de la cabeza, especificados",S:09:8,1
3112,"Otros traumatismos de la columna vertebral y del tronco, nivel no especificado",T:09,1
3113,"Otros traumatismos de la pierna, especificados",S:89:8,1
3114,"Otros traumatismos de miembro inferior, nivel no especificado",T:13,1
3115,Otros traumatismos de región no especificada del cuerpo,T:14:8,1
3116,Otros traumatismos del cráneo durante el nacimiento,P:13:1,1
3117,Otros traumatismos del nacimiento,P:15,1
3118,Otros traumatismos del nacimiento en el cuero cabelludo,P:12:8,1
3119,Otros traumatismos del nacimiento en el sistema nervioso central,P:11,1
3120,Otros traumatismos del ojo y de la órbita,S:05:8,1
3121,"Otros traumatismos del pie y del tobillo, especificados",S:99:8,1
3122,Otros traumatismos del pulmón,S:27:3,1
3123,"Otros traumatismos especificados de miembro inferior, nivel no especificado",T:13:8,1
3124,"Otros traumatismos especificados de miembro superior, nivel no especificado",T:11:8,1
3125,"Otros traumatismos especificados del abdomen, de la región lumbosacra y de la pelvis",S:39:8,1
3126,Otros traumatismos especificados del hombro y del brazo,S:49:8,1
3127,"Otros traumatismos especificados del tronco, nivel no especificado",T:09:8,1
3128,Otros traumatismos especificados que afectan múltiples regiones del cuerpo,T:06:8,1
3129,"Otros traumatismos especificados, durante el nacimiento",P:15:8,1
3130,Otros traumatismos intracraneales,S:06:8,1
3131,Otros traumatismos obstétricos de los órganos pelvianos,O:71:5,2
3132,Otros traumatismos superficiales de la muñeca y de la mano,S:60:8,1
3133,Otros traumatismos superficiales de la pierna,S:80:8,1
3134,Otros traumatismos superficiales del hombro y del brazo,S:40:8,1
3135,Otros traumatismos superficiales del pie y del tobillo,S:90:8,1
3136,Otros traumatismos superficiales y los no especificados de la garganta,S:10:1,1
3137,Otros traumatismos y los no especificados del pie y del tobillo,S:99,1
3138,Otros tumores malignos de la piel,C:44,5
3139,"Otros tumores malignos y los no especificados del tejido linfático, de los órganos hematopoyéticos y de tejidos afines",C:96,5
3140,Otros vértigos periféricos,H:81:3,1
3141,Otros vómitos que complican el embarazo,O:21:8,2
3142,Palidez,R:23:1,1
3143,Paludismo [malaria] debido a Plasmodium vivax,B:51,1
3144,Paludismo [malaria] no especificado,B:54,1
3145,"Paludismo debido a Plasmodium falciparum, sin otra especificación",B:50:9,1
3146,"Paludismo debido a Plasmodium vivax, sin complicaciones",B:51:9,1
3147,Pancreatitis aguda,K:85,1
3148,Pansinusitis crónica,J:32:4,1
3149,"Papiledema, no especificado",H:47:1,1
3150,Papilomavirus como causa de enfermedades clasificadas en otros capítulos,B:97:7,1
3151,Paquipleuritis con asbestosis,J:92:0,1
3152,"Paraplejía, no especificada",G:82:2,1
3153,"Parasitosis intestinal, sin otra especificación",B:82:9,1
3154,"Parasitosis intestinales, sin otra especificación",B:82,1
3155,Parestesia de la piel,R:20:2,1
3156,Paro cardíaco,I:46,1
3157,Paro cardíaco,I:46,5
3158,Paro cardíaco con resucitación exitosa,I:46:0,1
3159,"Paro cardíaco, no especificado",I:46:9,1
3160,Paro respiratorio,R:09:2,1
3161,"Parotiditis, sin complicaciones",B:26:9,1
3162,Parto prematuro,O:60,2
3163,Parto vaginal posterior a una cesárea previa,O:75:7,2
3164,Parálisis cerebral discinética,G:80:3,1
3165,Parálisis cerebral infantil,G:80,1
3166,"Parálisis cerebral infantil, sin otra especificación",G:80:9,1
3167,Parálisis de Bell,G:51:0,1
3168,Parálisis de Erb debida a traumatismo del nacimiento,P:14:0,1
3169,Parálisis de Klumpke debida a traumatismo del nacimiento,P:14:1,1
3170,Parálisis de las cuerdas vocales y de la laringe,J:38:0,1
3171,Parálisis flácida aguda,G:83:9,1
3172,Parálisis periódica,G:72:3,1
3173,Pasteurelosis,A:28:0,1
3174,"Peatón lesionado por colisión con vehículo de motor de dos o tres ruedas, accidente no especificado como de tránsito o no de tránsito",V:02:9,1
3175,Pediculosis debida a Pediculus humanus corporis,B:85:1,1
3176,"Pediculosis, sin otra especificación",B:85:2,1
3177,Penfigoide,L:12,1
3178,Penfigoide flictenular,L:12:0,1
3179,Penfigoide ocular (L12.-+),H:13:3,1
3180,"Penfigoide, no especificado",L:12:9,1
3181,Pequeño para la edad gestacional,P:05:1,1
3182,Perforación congénita del tabique nasal,Q:30:3,1
3183,Perforación del intestino (no traumática),K:63:1,1
3184,Perforación intestinal perinatal,P:78:0,1
3185,Pericarditis aguda,I:30,5
3186,"Pericarditis aguda, no especificada",I:30:9,1
3187,Pericarditis en enfermedades clasificadas en otra parte,I:32,5
3188,Periodontitis aguda,K:05:2,1
3189,Periodontitis apical aguda originada en la pulpa,K:04:4,1
3190,Periodontitis apical crónica,K:04:5,1
3191,Periodontitis crónica,K:05:3,1
3192,Peristalsis visible,R:19:2,1
3193,Peritonitis aguda,K:65:0,1
3194,"Peritonitis, no especificada",K:65:9,1
3195,Persistencia de la circulación fetal,P:29:3,1
3196,"Persona lesionada en accidente de tránsito, de vehículo de motor no especificado",V:89:2,1
3197,Persona lesionada en accidente de vehículo no especificado,V:89:9,1
3198,Perturbación de la actividad y de la atención,F:90:0,1
3199,Peso bajo,E:45:1,1
3200,Peso extremadamente bajo al nacer,P:07:0,1
3201,Peste,A:20:9,1
3202,Phthiriasis,B:85:3,1
3203,Pie cavus,Q:66:7,1
3204,Pie plano [pes planus] (adquirido),M:21:4,1
3205,Pie plano congénito,Q:66:5,1
3206,Pielonefritis crónica no obstructiva asociada con reflujo,N:11:0,1
3207,Pielonefritis crónica obstructiva,N:11:1,1
3208,Pioderma,L:08:0,1
3209,Pioderma gangrenoso,L:88,1
3210,Pionefrosis,N:13:6,1
3211,Pirexia de origen desconocido consecutiva al parto,O:86:4,2
3212,"Pirexia durante el trabajo de parto, no clasificada en otra parte",O:75:2,2
3213,Pitiriasis alba,L:30:5,1
3214,Pitiriasis rosada,L:42,1
3215,Pitiriasis rubra pilaris,L:44:0,1
3216,Pitiriasis versicolor,B:36:0,1
3217,Placenta previa,O:44,2
3218,Placenta previa con especificación de que no hubo hemorragia,O:44:0,2
3219,Placenta previa con hemorragia,O:44:1,2
3220,Pleuresía,R:09:1,1
3221,Poliarteritis nudosa,M:30:0,1
3222,"Poliartritis, no especificada",M:13:0,1
3223,Policitemia neonatal,P:61:1,1
3224,Polidactilia,Q:69,1
3225,"Polidactilia, no especificada",Q:69:9,1
3226,Polidipsia,R:63:1,1
3227,Polihidramnios,O:40,2
3228,"Polineuropatía, no especificada",G:62:9,1
3229,Polisindactilia,Q:70:4,1
3230,Poliuria,R:35,1
3231,Predominio de pensamientos o rumiaciones obsesivas,F:42:0,1
3232,Preeclampsia moderada,O:14:0,2
3233,Preeclampsia severa,O:14:1,2
3234,"Preeclampsia, no especificada",O:14:9,2
3235,"Prepucio redundante, fimosis y parafimosis",N:47,1
3236,Priapismo,N:48:3,1
3237,Problema no especificado de la alimentación del recién nacido,P:92:9,1
3238,Problemas de la ingestión de alimentos del recién nacido,P:92,1
3239,Procedimiento quirúrgico no especificado,Y:83:9,1
3240,"Producto anormal de la concepción, no especificado",O:02:9,2
3241,Prolapso de la mucosa uretral,N:36:3,1
3242,Prolapso rectal,K:62:3,1
3243,Prolongación del primer período (del trabajo de parto),O:63:0,2
3244,Prolongación del segundo período (del trabajo de parto),O:63:1,2
3245,Proteinuria aislada,R:80,1
3246,"Proteinuria aislada con lesión morfológica especificada, no especificada",N:06:9,1
3247,Proteinuria gestacional,O:12:1,2
3248,"Proteinuria ortostática, no especificada",N:39:2,1
3249,"Proteinuria persistente, no especificada",N:39:1,1
3250,Prurigo de Besnier,L:20:0,1
3251,Prurigo nodular,L:28:1,1
3252,Prurito,L:29,1
3253,Prurito vulvar,L:29:2,1
3254,"Prurito, no especificado",L:29:9,1
3255,"Psicosis de origen no orgánico, no especificada",F:29,1
3256,Psoriasis,L:40,1
3257,Psoriasis vulgar,L:40:0,1
3258,"Psoriasis, no especificada",L:40:9,1
3259,Pterigión,H:11:0,1
3260,Pubertad precoz,E:30:1,1
3261,Pulgar(es) supernumerario(s),Q:69:1,1
3262,Pulpitis,K:04:0,1
3263,"Punción o laceración accidental durante un procedimiento, no clasificadas en otra parte",T:81:2,1
3264,Pustulosis palmar y plantar,L:40:3,1
3265,Pénfigo,L:10,1
3266,Pénfigo eritematoso,L:10:4,1
3267,Pénfigo foliáceo,L:10:2,1
3268,Pénfigo vegetante,L:10:1,1
3269,Pénfigo vulgar,L:10:0,1
3270,"Pénfigo, no especificado",L:10:9,1
3271,Pérdida anormal de peso,R:63:4,1
3272,"Pérdida de dientes debida a accidente, extracción o enfermedad periodontal local",K:08:1,1
3273,Pérdida de líquido cefalorraquídeo,G:96:0,1
3274,Pérdida de sangre fetal,P:50,1
3275,Pérdida de sangre fetal por el corte del cordón umbilical en el otro gemelo,P:50:5,1
3276,Pérdida de sangre fetal por ruptura del cordón umbilical,P:50:1,1
3277,Pérdida de sangre fetal por vasa previa,P:50:0,1
3278,"Pérdida de sangre fetal, no especificada",P:50:9,1
3279,"Pérdida no cicatricial del pelo, sin otra especificación",L:65:9,1
3280,Pólipo anal,K:62:0,1
3281,Pólipo de la cavidad nasal,J:33:0,1
3282,Pólipo del colon,K:63:5,1
3283,Pólipo del estómago y del duodeno,K:31:7,1
3284,Pólipo nasal,J:33,1
3285,"Pólipo nasal, no especificado",J:33:9,1
3286,Pólipo rectal,K:62:1,1
3287,Pólipo umbilical del recién nacido,P:83:6,1
3288,Púpura trombocitopénica idiopática,D:69:3,1
3289,Púrpura alérgica,D:69:0,1
3290,"Quemadura de la cabeza y del cuello, de primer grado",T:20:1,1
3291,"Quemadura de la cabeza y del cuello, de segundo grado",T:20:2,1
3292,"Quemadura de la cabeza y del cuello, grado no especificado",T:20:0,1
3293,"Quemadura de la cadera y miembro inferior, de primer grado, excepto tobillo y pie",T:24:1,1
3294,"Quemadura de la cadera y miembro inferior, de segundo grado, excepto tobillo y pie",T:24:2,1
3295,"Quemadura de la cadera y miembro inferior, grado no especificado, excepto tobillo y pie",T:24:0,1
3296,Quemadura de la córnea y saco conjuntival,T:26:1,1
3297,"Quemadura de la muñeca y de la mano, de primer grado",T:23:1,1
3298,"Quemadura de la muñeca y de la mano, de tercer grado",T:23:3,1
3299,"Quemadura de la muñeca y de la mano, grado no especificado",T:23:0,1
3300,Quemadura de otras partes de las vías respiratorias,T:27:2,1
3301,Quemadura de otros órganos internos y de los no especificados,T:28:4,1
3302,"Quemadura de primer grado, región del cuerpo no especificada",T:30:1,1
3303,Quemadura de región del cuerpo y grado no especificados,T:30:0,1
3304,"Quemadura de segundo grado, región del cuerpo no especificada",T:30:2,1
3305,"Quemadura de tercer grado, región del cuerpo no especificada",T:30:3,1
3306,"Quemadura del hombro y miembro superior, de primer grado, excepto de la muñeca y de la mano",T:22:1,1
3307,"Quemadura del ojo y anexos, parte no especificada",T:26:4,1
3308,"Quemadura del tobillo y del pie, de primer grado",T:25:1,1
3309,"Quemadura del tobillo y del pie, de segundo grado",T:25:2,1
3310,"Quemadura del tobillo y del pie, grado no especificado",T:25:0,1
3311,"Quemadura del tronco, de primer grado",T:21:1,1
3312,"Quemadura del tronco, de segundo grado",T:21:2,1
3313,"Quemadura del tronco, grado no especificado",T:21:0,1
3314,Quemadura solar de segundo grado,L:55:1,1
3315,Quemadura solar de tercer grado,L:55:2,1
3316,"Quemadura solar, no especificada",L:55:9,1
3317,"Quemadura y corrosión, región del cuerpo no especificada",T:30,1
3318,Quemaduras clasificadas según la extensión de la superficie del cuerpo afectada T31.0Quemaduras que afectan menos del 10% de la superficie del cuerpo,T:31,1
3319,"Quemaduras de múltiples regiones, grado no especificado",T:29:0,1
3320,Quemaduras que afectan menos del 10% de la superficie del cuerpo,T:31:0,1
3321,"Queratitis, no especificada",H:16:9,1
3322,Queratoconjuntivitis debida a adenovirus (H19.2*),B:30:0,1
3323,Queratosis [queratodermia] palmar y plantar adquirida,L:85:1,1
3324,Queratosis actínica,L:57:0,1
3325,Queratosis seborreica,L:82,1
3326,Quilotórax,J:94:0,1
3327,"Quimera 46,XX/46,XY",Q:99:0,1
3328,Quiste cerebral,G:93:0,1
3329,"Quiste de la región bucal, sin otra especificación",K:09:9,1
3330,Quiste en desarrollo del ovario,Q:50:1,1
3331,Quiste epidérmico,L:72:0,1
3332,Quiste folicular de la piel y del tejido subcutáneo,L:72,1
3333,"Quiste folicular de la piel y del tejido subcutáneo, sin otra especificación",L:72:9,1
3334,Quiste pilonidal,L:05,1
3335,Quiste pilonidal sin absceso,L:05:9,1
3336,Quiste renal solitario congénito,Q:61:0,1
3337,Quiste sinovial del hueco poplíteo [de Baker],M:71:2,1
3338,Quiste solitario de la mama,N:60:0,1
3339,Quiste tricodérmico,L:72:1,1
3340,Quiste y mucocele de la nariz y del seno paranasal,J:34:1,1
3341,Quiste óseo solitario,M:85:4,1
3342,Quistes cerebrales congénitos,Q:04:6,1
3343,Quistes de las fisuras (no odontogénicos),K:09:1,1
3344,Quistes originados por el desarrollo de los dientes,K:09:0,1
3345,Quistes periventriculares adquiridos del recién nacido,P:91:1,1
3346,"Radiodermatitis, no especificada",L:58:9,1
3347,Raíz dental retenida,K:08:3,1
3348,Reacción al estrés agudo,F:43:0,1
3349,"Reacción al estrés grave, no especificada",F:43:9,1
3350,Reacción anormal a la prueba con tuberculina,R:76:1,1
3351,"Reacción de hipersensibilidad de las vías respiratorias superiores, sitio no especificado",J:39:3,1
3352,Reacción de incompatibilidad a Rh,T:80:4,1
3353,Reacción de incompatibilidad al grupo ABO,T:80:3,1
3354,Reacción tóxica a la anestesia local administrada durante el embarazo,O:29:3,2
3355,Reacción tóxica a la anestesia local administrada durante el puerperio,O:89:3,2
3356,Reacción tóxica a la anestesia local administrada durante el trabajo de parto y el parto,O:74:4,2
3357,Recién nacido excepcionalmente grande,P:08:0,1
3358,Recién nacido postérmino sin sobrepeso para su edad gestacional,P:08:2,1
3359,Reflejos anormales,R:29:2,1
3360,Reflujo vésico-urétero-renal congénito,Q:62:7,1
3361,Regurgitación y rumiación del recién nacido,P:92:1,1
3362,Resfriado Común,J:00:X,1
3363,Respiración con la boca,R:06:5,1
3364,Respiración periódica,R:06:3,1
3365,Respuesta fototóxica a drogas,L:56:0,1
3366,Resultados anormales en estudios funcionales cardiovasculares,R:94:3,1
3367,Retardo del crecimiento fetal y desnutrición fetal,P:05,1
3368,"Retardo del crecimiento fetal, no especificado",P:05:9,1
3369,Retardo del desarrollo,R:62:0,1
3370,Retardo del desarrollo debido a desnutrición proteico calórica,E:45,1
3371,Retención de dispositivo anticonceptivo intrauterino en el embarazo,O:26:3,2
3372,"Retención de fragmentos de la placenta o de las membranas, sin hemorragia",O:73:1,2
3373,"Retención de la placenta o de las membranas, sin hemorragia",O:73,2
3374,Retención de la placenta sin hemorragia,O:73:0,2
3375,Retención de orina,R:33,1
3376,Retinopatía de la prematuridad,H:35:1,1
3377,Retinopatías del fondo y cambios vasculares retinianos,H:35:0,1
3378,Retinosquisis y quistes de la retina,H:33:1,1
3379,Retracción del pezón asociada con el parto,O:92:0,2
3380,"Retraso de la expulsión del segundo gemelo, del tercero, etc.",O:63:2,2
3381,Retraso del parto después de la ruptura artificial de las membranas,O:75:5,2
3382,Retraso del parto después de la ruptura espontánea o no especificada de las membranas,O:75:6,2
3383,"Retraso mental grave, deterioro del comportamiento nulo o mínimo",F:72:0,1
3384,"Retraso mental leve, deterioro del comportamiento de grado no especificado",F:70:9,1
3385,"Retraso mental leve, deterioro del comportamiento nulo o mínimo",F:70:0,1
3386,"Retraso mental moderado, deterioro del comportamiento significativo, que requiere atención o tratamiento",F:71:1,1
3387,"Retraso mental moderado, otros deterioros del comportamiento",F:71:8,1
3388,"Retraso mental, no especificado, deterioro del comportamiento nulo o mínimo",F:79:0,1
3389,"Reumatismo, no especificado",M:79:0,1
3390,Rigidez abdominal,R:19:3,1
3391,Rinitis alérgica debida al polen,J:30:1,1
3392,Rinitis alérgica y vasomotora,J:30,1
3393,"Rinitis alérgica, no especificada",J:30:4,1
3394,Rinitis crónica,J:31:0,1
3395,Rinitis vasomotora,J:30:0,1
3396,"Rinitis, rinofaringitis y faringitis crónicas",J:31,1
3397,Rinofaringitis aguda [resfriado común],J:00,1
3398,Rinofaringitis crónica,J:31:1,1
3399,Rinofima,L:71:1,1
3400,"Riñón poliquístico, tipo no especificado",Q:61:3,1
3401,Rotavirus Sospechoso,A:08:6,1
3402,Rubéola con otras complicaciones,B:06:8,1
3403,Ruptura del útero antes del inicio del trabajo de parto,O:71:0,2
3404,Ruptura del útero durante el trabajo de parto,O:71:1,2
3405,Ruptura prematura de las membranas,O:42,2
3406,"Ruptura prematura de las membranas, e inicio del trabajo de parto dentro de las 24 horas",O:42:0,2
3407,"Ruptura prematura de las membranas, e inicio del trabajo de parto después de las 24 horas",O:42:1,2
3408,"Ruptura prematura de las membranas, sin otra especificación",O:42:9,2
3409,"Ruptura prematura de las membranas, trabajo de parto retrasado por la terapéutica",O:42:2,2
3410,Salpullido y otras erupciones cutáneas no especificadas,R:21,1
3411,Sarcoidosis,D:86,1
3412,Sarcoidosis de la piel,D:86:3,1
3413,Sarcoidosis de otros sitios especificados o de sitios combinados,D:86:8,1
3414,Sarcoidosis de sitio no especificado,D:86:9,1
3415,Sarcoidosis del pulmón,D:86:0,1
3416,Sarcoidosis del pulmón y de los ganglios linfáticos,D:86:2,1
3417,Sarcoma de Kaposi,C:46,5
3418,Sarcoma de Kaposi de la piel,C:46:0,1
3419,Sarcoma de Kaposi de múltiples órganos,C:46:8,1
3420,"Sarcoma de Kaposi, de sitio no especificado",C:46:9,1
3421,Seborrea capitis,L:21:0,1
3422,"Secreción hormonal ectópica, no clasificada en otra parte",E:34:2,1
3423,Secuelas de causa externa no especificada,Y:89:9,1
3424,Secuelas de enfermedad cerebrovascular,I:69,5
3425,Secuelas de enfermedades inflamatorias del sistema nervioso central,G:09,1
3426,Secuelas de hemorragia intraencefálica,I:69:1,1
3427,Secuelas de hemorragia subaracnoidea,I:69:0,1
3428,Secuelas de hiperalimentación,E:68,1
3429,Secuelas de la desnutrición proteicocalórica,E:64:0,1
3430,Secuelas de la desnutrición y de otras deficiencias nutricionales,E:64,1
3431,Secuelas de otras deficiencias nutricionales,E:64:8,1
3432,Secuelas de traumatismo superficial de la cabeza,T:90:0,1
3433,Seno y quiste preauricular,Q:18:1,1
3434,"Seno, fístula o quiste de la hendidura branquial",Q:18:0,1
3435,Sepsis bacteriana del recién nacido,P:36,1
3436,"Sepsis bacteriana del recién nacido, no especificada",P:36:9,1
3437,Sepsis del recién nacido debida a Escherichia coli,P:36:4,1
3438,Sepsis del recién nacido debida a Staphylococcus aureus,P:36:2,1
3439,Sepsis del recién nacido debida a anaerobios,P:36:5,1
3440,Sepsis del recién nacido debida a estreptococo del grupo B,P:36:0,1
3441,Sepsis del recién nacido debida a otras bacterias,P:36:8,1
3442,Sepsis del recién nacido debida a otros estafilococos y a los no especificados,P:36:3,1
3443,Sepsis del recién nacido debida a otros estreptococos y a los no especificados,P:36:1,1
3444,Sepsis puerperal,O:85,2
3445,Septicemia debida a Haemophilus influenzae,A:41:3,1
3446,Septicemia debida a Salmonella,A:02:1,1
3447,Septicemia debida a Staphylococcus aureus,A:41:0,1
3448,Septicemia debida a anaerobios,A:41:4,1
3449,Septicemia debida a estafilococo no especificado,A:41:2,1
3450,Septicemia debida a otro estafilococo especificado,A:41:1,1
3451,Septicemia debida a otros organismos gramnegativos,A:41:5,1
3452,Septicemia estreptocócica,A:40,1
3453,"Septicemia estreptocócica, no especificada",A:40:9,1
3454,"Septicemia, no especificada",A:41:9,1
3455,"Seudohermafroditismo masculino, no clasificado en otra parte",Q:56:1,1
3456,"Seudohermafroditismo, no especificado",Q:56:3,1
3457,"Sexo indeterminado, sin otra especificación",Q:56:4,1
3458,Shigelosis,A:03,1
3459,Shigelosis de tipo no especificado,A:03:9,1
3460,Shigelosis debida a Shigella dysenteriae,A:03:0,1
3461,Shigelosis debida a Shigella sonnei,A:03:3,1
3462,Sialadenitis,K:11:2,1
3463,Silbido,R:06:2,1
3464,Sindactilia,Q:70,1
3465,"Sindactilia, no especificada",Q:70:9,1
3466,Sinusitis aguda,J:01,1
3467,"Sinusitis aguda, no especificada",J:01:9,1
3468,"Sinusitis crónica, no especificada",J:32:9,1
3469,Sinusitis frontal aguda,J:01:1,1
3470,Sinusitis frontal crónica,J:32:1,1
3471,Sinusitis maxilar aguda,J:01:0,1
3472,Situs inversus,Q:89:3,1
3473,Sobrecarga de líquidos,E:87:7,1
3474,Sonidos intestinales anormales,R:19:1,1
3475,"Soplo cardíaco, no especificado",R:01:1,1
3476,Soplos cardíacos benignos o inocentes,R:01:0,1
3477,Soplos y otros sonidos cardíacos,R:01,1
3478,Sospecha de glaucoma,H:40:0,1
3479,Sospechoso de Rubéola,B:06:9,1
3480,Sospechoso de Tos Ferina,A:37:9,1
3481,Sospechoso de sarampión,B:05:9,1
3482,Staphylococcus aureus como causa de enfermedades clasificadas en otros capítulos,B:95:6,1
3483,"Subluxación congénita de la cadera, unilateral",Q:65:3,1
3484,"Subluxación de la sínfisis (del pubis) en el embarazo, el parto y el puerperio",O:26:7,2
3485,Sufrimiento materno durante el trabajo de parto y el parto,O:75:0,2
3486,Supresión de la lactancia,O:92:5,2
3487,Sìndrome respiratorio agudo grave (SRAG),U:04:0,1
3488,"Sìndrome respiratorio agudo grave (SRAG), no especificado",U:04:9,1
3489,Sífilis congénita,A:50,1
3490,"Sífilis congénita precoz, latente",A:50:1,1
3491,"Sífilis congénita precoz, sin otra especificación",A:50:2,1
3492,"Sífilis congénita precoz, sintomática",A:50:0,1
3493,"Sífilis congénita, sin otra especificación",A:50:9,1
3494,Sífilis genital primaria,A:51:0,1
3495,"Sífilis latente, no especificada como precoz o tardía",A:53:0,1
3496,"Sífilis precoz, sin otra especificación",A:51:9,1
3497,"Sífilis que complica el embarazo, el parto y el puerperio",O:98:1,2
3498,Sífilis secundaria de piel y membranas mucosas,A:51:3,1
3499,"Sífilis, no especificada",A:53:9,1
3500,Síncope por calor,T:67:1,1
3501,Síncope y colapso,R:55,1
3502,"Síndrome amnésico orgánico, no inducido por alcohol o por otras sustancias psicoactivas",F:04,1
3503,Síndrome carcinoide,E:34:0,1
3504,"Síndrome congénito de deficiencia de yodo, no especificado",E:00:9,1
3505,Síndrome de Arnold-Chiari,Q:07:0,1
3506,Síndrome de Crigler-Najjar,E:80:5,1
3507,"Síndrome de Cushing, no especificado",E:24:9,1
3508,Síndrome de Down,Q:90,1
3509,"Síndrome de Down, no especificado",Q:90:9,1
3510,"Síndrome de Edwards, no especificado",Q:91:3,1
3511,Síndrome de Gilbert,E:80:4,1
3512,"Síndrome de Klinefelter, hombre con cariotipo 46,XX",Q:98:2,1
3513,"Síndrome de Patau, no especificado",Q:91:7,1
3514,Síndrome de Potter,Q:60:6,1
3515,Síndrome de Wilson-Mikity,P:27:0,1
3516,"Síndrome de aspiración neonatal, sin otra especificación",P:24:9,1
3517,Síndrome de cefalea en racimos,G:44:0,1
3518,"Síndrome de deficiencia congénita de yodo, tipo mixedematoso",E:00:1,1
3519,Síndrome de dificultad respiratoria del adulto,J:80,1
3520,Síndrome de dificultad respiratoria del recién nacido,P:22:0,1
3521,Síndrome de hidantoína fetal,Q:86:1,1
3522,Síndrome de hipoplasia del corazón izquierdo,Q:23:4,1
3523,Síndrome de hipotensión materna,O:26:5,2
3524,Síndrome de infección aguda debida a VIH,B:23:0,1
3525,Síndrome de la arteria cerebral media (I66.0+),G:46:0,1
3526,Síndrome de la articulación condrocostal [Tietze],M:94:0,1
3527,Síndrome de la bilis espesa,P:59:1,1
3528,Síndrome de la cola de caballo,G:83:4,1
3529,Síndrome de la erupción dentaria,K:00:7,1
3530,Síndrome de la muerte súbita infantil,R:95,1
3531,Síndrome de ovario poliquístico,E:28:2,1
3532,Síndrome de rubéola congénita,P:35:0,1
3533,Síndrome de transfusión placentaria,O:43:0,2
3534,Síndrome del abdomen en ciruela pasa,Q:79:4,1
3535,Síndrome del choque tóxico,A:48:3,1
3536,Síndrome del colon irritable,K:58,1
3537,Síndrome del colon irritable con diarrea,K:58:0,1
3538,Síndrome del colon irritable sin diarrea,K:58:9,1
3539,"Síndrome del maltrato, no especificado",T:74:9,1
3540,Síndrome del manguito rotatorio,M:75:1,1
3541,Síndrome del recién nacido de madre con diabetes gestacional,P:70:0,1
3542,Síndrome del recién nacido de madre diabética,P:70:1,1
3543,Síndrome del tapón de meconio,P:76:0,1
3544,Síndrome del túnel carpiano,G:56:0,1
3545,Síndrome estafilocócico de la piel escaldada,L:00,1
3546,Síndrome fetal (dismórfico) debido al alcohol,Q:86:0,1
3547,Síndrome hemolítico-urémico,D:59:3,1
3548,"Síndrome nefrítico agudo, anomalía glomerular mínima",N:00:0,1
3549,"Síndrome nefrítico agudo, lesiones glomerulares focales y segmentarias",N:00:1,1
3550,"Síndrome nefrítico agudo, no especificada",N:00:9,1
3551,Síndrome nefrítico no especificado,N:05,1
3552,"Síndrome nefrítico no especificado, anomalía glomerular mínima",N:05:0,1
3553,"Síndrome nefrítico no especificado, no especificada",N:05:9,1
3554,"Síndrome nefrítico rápidamente progresivo, no especificada",N:01:9,1
3555,Síndrome nefrótico,N:04,1
3556,"Síndrome nefrótico, no especificada",N:04:9,1
3557,"Síndrome nefrótico, otras",N:04:8,1
3558,Síndrome postconcusional,F:07:2,1
3559,Síndrome postencefalítico,F:07:1,1
3560,Síndrome seco [Sjögren],M:35:0,1
3561,"Síndrome uretral, no especificado",N:34:3,1
3562,Síndrome vítreo consecutivo a cirugía de catarata,H:59:0,1
3563,Síndromes de aspiración neonatal,P:24,1
3564,Síndromes de compresión de la arteria espinal o vertebral anterior (G99.2*),M:47:0,1
3565,Síndromes de malformaciones congénitas que afectan principalmente la apariencia facial,Q:87:0,1
3566,Síndromes de malformaciones congénitas que afectan principalmente los miembros,Q:87:2,1
3567,"Síndromes del comportamiento asociados con alteraciones fisiológicas y factores físicos, no especificados",F:59,1
3568,Síndromes del maltrato,T:74,1
3569,Síndromes epilépticos especiales,G:40:5,1
3570,Síntomas no específicos propios de la infancia,R:68:1,1
3571,Síntomas y signos concernientes a la alimentación y a la ingestión de líquidos,R:63,1
3572,Síntomas y signos que involucran la apariencia y el comportamiento,R:46,1
3573,"Talasemia, no especificada",D:56:9,1
3574,Talipes calcaneovalgus,Q:66:4,1
3575,Talipes calcaneovarus,Q:66:1,1
3576,Talipes equinovarus,Q:66:0,1
3577,Taquicardia paroxística,I:47,5
3578,"Taquicardia paroxística, no especificada",I:47:9,1
3579,Taquicardia supraventricular,I:47:1,1
3580,Taquicardia ventricular,I:47:2,1
3581,"Taquicardia, no especificada",R:00:0,1
3582,Taquipnea transitoria del recién nacido,P:22:1,1
3583,Tendinitis aquiliana,M:76:6,1
3584,Tendinitis calcificada,M:65:2,1
3585,Tendinitis calcificante del hombro,M:75:3,1
3586,Tendinitis del glúteo,M:76:0,1
3587,Tendinitis del psoas,M:76:1,1
3588,Tenesmo vesical,R:30:1,1
3589,"Teniasis, no especificada",B:68:9,1
3590,"Tensión y estado de choque emocional, no especificado",R:45:7,1
3591,"Terminación del embarazo, feto y recién nacido",P:96:4,1
3592,Testículo no descendido,Q:53,1
3593,"Testículo no descendido, bilateral",Q:53:2,1
3594,"Testículo no descendido, sin otra especificación",Q:53:9,1
3595,"Testículo no descendido, unilateral",Q:53:1,1
3596,Tetralogía de Fallot,Q:21:3,1
3597,Timpanosclerosis,H:74:0,1
3598,Tiroiditis postparto,O:90:5,2
3599,"Tirotoxicosis, no especificada",E:05:9,1
3600,Tiña de la barba y del cuero cabelludo,B:35:0,1
3601,Tiña de las uñas,B:35:1,1
3602,Tiña del cuerpo [Tinea corporis],B:35:4,1
3603,Tiña del pie [Tinea pedis],B:35:3,1
3604,Tiña imbricada [Tinea imbricata],B:35:5,1
3605,Tiña inguinal [Tinea cruris],B:35:6,1
3606,Tombocitopenia secundaria,D:69:5,1
3607,Torsión del testículo,N:44,1
3608,Torsión y estrechez del uréter sin hidronefrosis,N:13:5,1
3609,Tortícolis,M:43:6,1
3610,Tortícolis espasmódica,G:24:3,1
3611,Tos,R:05,1
3612,Tos ferina [tos convulsiva],A:37,1
3613,Tos ferina debida a Bordetella parapertussis,A:37:1,1
3614,Tos ferina debida a Bordetella pertussis (Confirmada),A:37:0,1
3615,Toxoplasmosis congénita,P:37:1,1
3616,"Toxoplasmosis, no especificada",B:58:9,1
3617,Trabajo de parto obstruido debido a anomalía pelviana no especificada,O:65:9,2
3618,Trabajo de parto obstruido debido a anomalías de los órganos pelvianos maternos,O:65:5,2
3619,Trabajo de parto obstruido debido a anormalidad de la pelvis materna,O:65,2
3620,Trabajo de parto obstruido debido a deformidad de la pelvis,O:65:0,2
3621,"Trabajo de parto obstruido debido a desproporción fetopelviana, sin otra especificación",O:65:4,2
3622,Trabajo de parto obstruido debido a disminución del estrecho inferior de la pelvis,O:65:3,2
3623,Trabajo de parto obstruido debido a disminución del estrecho superior de la pelvis,O:65:2,2
3624,Trabajo de parto obstruido debido a distocia de hombros,O:66:0,2
3625,Trabajo de parto obstruido debido a distocia gemelar,O:66:1,2
3626,Trabajo de parto obstruido debido a distocia por feto inusualmente grande,O:66:2,2
3627,Trabajo de parto obstruido debido a estrechez general de la pelvis,O:65:1,2
3628,Trabajo de parto obstruido debido a mala posición y presentación anormal del feto,O:64,2
3629,Trabajo de parto obstruido debido a otras anomalías pelvianas maternas,O:65:8,2
3630,Trabajo de parto obstruido debido a otras anormalidades del feto,O:66:3,2
3631,Trabajo de parto obstruido debido a otras presentaciones anormales del feto,O:64:8,2
3632,Trabajo de parto obstruido debido a presentación anormal del feto no especificada,O:64:9,2
3633,Trabajo de parto obstruido debido a presentación compuesta,O:64:5,2
3634,Trabajo de parto obstruido debido a presentación de cara,O:64:2,2
3635,Trabajo de parto obstruido debido a presentación de frente,O:64:3,2
3636,Trabajo de parto obstruido debido a presentación de hombro,O:64:4,2
3637,Trabajo de parto obstruido debido a presentación de nalgas,O:64:1,2
3638,Trabajo de parto obstruido debido a rotación incompleta de la cabeza fetal,O:64:0,2
3639,"Trabajo de parto obstruido, sin otra especificación",O:66:9,2
3640,Trabajo de parto precipitado,O:62:3,2
3641,Trabajo de parto prolongado,O:63,2
3642,"Trabajo de parto prolongado, no especificado",O:63:9,2
3643,Trabajo de parto y parto complicados por anomalía de la frecuencia cardíaca fetal,O:68:0,2
3644,Trabajo de parto y parto complicados por anomalía de la frecuencia cardíaca fetal asociada con presencia de meconio en el líquido amniótico,O:68:2,2
3645,"Trabajo de parto y parto complicados por circular pericervical del cordón, con compresión",O:69:1,2
3646,Trabajo de parto y parto complicados por cordón umbilical corto,O:69:3,2
3647,Trabajo de parto y parto complicados por evidencia bioquímica de sufrimiento fetal,O:68:3,2
3648,"Trabajo de parto y parto complicados por hemorragia intraparto, no clasificados en otra parte",O:67,2
3649,Trabajo de parto y parto complicados por la presencia de meconio en el líquido amniótico,O:68:1,2
3650,Trabajo de parto y parto complicados por lesión vascular del cordón,O:69:5,2
3651,Trabajo de parto y parto complicados por otras evidencias de sufrimiento fetal,O:68:8,2
3652,Trabajo de parto y parto complicados por otros enredos del cordón,O:69:2,2
3653,Trabajo de parto y parto complicados por otros problemas del cordón umbilical,O:69:8,2
3654,Trabajo de parto y parto complicados por problemas del cordón umbilical,O:69,2
3655,Trabajo de parto y parto complicados por problemas no especificados del cordón umbilical,O:69:9,2
3656,Trabajo de parto y parto complicados por prolapso del cordón umbilical,O:69:0,2
3657,Trabajo de parto y parto complicados por sufrimiento fetal,O:68,2
3658,"Trabajo de parto y parto complicados por sufrimiento fetal, sin otra especificación",O:68:9,2
3659,Trabajo de parto y parto complicados por vasa previa,O:69:4,2
3660,Transposición de los grandes vasos en ventrículo derecho,Q:20:1,1
3661,Traqueítis aguda,J:04:1,1
3662,"Trastorno acantolítico, no especificado",L:11:9,1
3663,"Trastorno adrenogenital, no especificado",E:25:9,1
3664,"Trastorno articular, no especificado",M:25:9,1
3665,"Trastorno atrófico de la piel, no especificado",L:90:9,1
3666,"Trastorno cardiovascular no especificado, originado en el período perinatal",P:29:9,1
3667,Trastorno de ansiedad generalizada,F:41:1,1
3668,"Trastorno de ansiedad, no especificado",F:41:9,1
3669,"Trastorno de ansiedad, orgánico",F:06:4,1
3670,"Trastorno de disco cervical, no especificado",M:50:9,1
3671,Trastorno de dolor persistente somatomorfo,F:45:4,1
3672,Trastorno de estrés postraumático,F:43:1,1
3673,"Trastorno de la conducción, no especificado",I:45:9,1
3674,"Trastorno de la conjuntiva, no especificado",H:11:9,1
3675,"Trastorno de la función vestibular, no especificado",H:81:9,1
3676,"Trastorno de la glándula hipófisis, no especificado",E:23:7,1
3677,"Trastorno de la glándula paratiroides, no especificado",E:21:5,1
3678,Trastorno de la ingestión alimentaria en la infancia y la niñez,F:98:2,1
3679,"Trastorno de la ingestión de alimentos, no especificado",F:50:9,1
3680,"Trastorno de la mama, no especificado",N:64:9,1
3681,"Trastorno de la membrana timpánica, no especificado",H:73:9,1
3682,"Trastorno de la personalidad, orgánico",F:07:0,1
3683,"Trastorno de la piel y del tejido subcutáneo, no especificado",L:98:9,1
3684,"Trastorno de la pigmentación, no especificado",L:81:9,1
3685,"Trastorno de la placenta, no especificado",O:43:9,2
3686,"Trastorno de la raíz y plexos nerviosos, no especificado",G:54:9,1
3687,Trastorno de la recepción del lenguaje,F:80:2,1
3688,"Trastorno de la retina, no especificado",H:35:9,1
3689,"Trastorno de la trompa de Eustaquio, no especificado",H:69:9,1
3690,"Trastorno de la uretra, no especificado",N:36:9,1
3691,"Trastorno de la uña, no especificado",L:60:9,1
3692,"Trastorno de la vejiga, no especificado",N:32:9,1
3693,"Trastorno de la órbita, no especificado",H:05:9,1
3694,"Trastorno de los dientes y de sus estructuras de sostén, no especificado",K:08:9,1
3695,"Trastorno de los tejidos blandos, no especificado",M:79:9,1
3696,Trastorno de pánico [ansiedad paroxística episódica],F:41:0,1
3697,Trastorno de somatización,F:45:0,1
3698,"Trastorno del aparato lagrimal, no especificado",H:04:9,1
3699,"Trastorno del desarrollo de las habilidades escolares, no especificado",F:81:9,1
3700,"Trastorno del desarrollo de los dientes, no especificado",K:00:9,1
3701,Trastorno del desarrollo del habla y del lenguaje no especificado,F:80:9,1
3702,"Trastorno del desarrollo psicológico, no especificado",F:89,1
3703,"Trastorno del desarrollo psicosexual, no especificado",F:66:9,1
3704,"Trastorno del encéfalo, no especificado",G:93:9,1
3705,"Trastorno del globo ocular, no especificado",H:44:9,1
3706,"Trastorno del hueso, no especificado",M:89:9,1
3707,"Trastorno del iris y del cuerpo ciliar, no especificado",H:21:9,1
3708,Trastorno del lenguaje expresivo,F:80:1,1
3709,Trastorno del ligamento,M:24:2,1
3710,"Trastorno del líquido amniótico y de las membranas, no especificado",O:41:9,2
3711,"Trastorno del metabolismo de la bilirrubina, no especificado",E:80:7,1
3712,Trastorno del metabolismo de la galactosa,E:74:2,1
3713,"Trastorno del metabolismo de las glucoproteínas, no especificado",E:77:9,1
3714,"Trastorno del metabolismo de las lipoproteínas, no especificado",E:78:9,1
3715,"Trastorno del metabolismo de los aminoácidos aromáticos, no especificado",E:70:9,1
3716,"Trastorno del metabolismo de los aminoácidos, no especificado",E:72:9,1
3717,"Trastorno del metabolismo de los glucosaminoglicanos, no especificado",E:76:9,1
3718,"Trastorno del movimiento binocular, no especificado",H:51:9,1
3719,"Trastorno del nervio facial, no especificado",G:51:9,1
3720,"Trastorno del ojo y sus anexos, no especificado",H:57:9,1
3721,"Trastorno del oído externo, no especificado",H:61:9,1
3722,"Trastorno del oído medio y de la apófisis mastoides, no especificado",H:74:9,1
3723,"Trastorno del oído, no especificado",H:93:9,1
3724,"Trastorno del pene, no especificado",N:48:9,1
3725,"Trastorno del párpado, no especificado",H:02:9,1
3726,"Trastorno del riñón y del uréter, no especificado",N:28:9,1
3727,"Trastorno del sistema nervioso autónomo, no especificado",G:90:9,1
3728,"Trastorno del sistema nervioso central, no especificado",G:96:9,1
3729,"Trastorno del sistema urinario, no especificado",N:39:9,1
3730,"Trastorno del sueño, no especificado",G:47:9,1
3731,Trastorno delirante inducido,F:24,1
3732,"Trastorno depresivo recurrente, no especificado",F:33:9,1
3733,"Trastorno endocrino neonatal transitorio, no especificado",P:72:9,1
3734,"Trastorno endocrino y metabólico consecutivo a procedimientos, no especificado",E:89:9,1
3735,"Trastorno endocrino, no especificado",E:34:9,1
3736,Trastorno específico de la pronunciación,F:80:0,1
3737,Trastorno específico del desarrollo de la función motriz,F:82,1
3738,"Trastorno fibroblástico, no especificado",M:72:9,1
3739,"Trastorno flictenular, no especificado",L:13:9,1
3740,"Trastorno folicular, no especificado",L:73:9,1
3741,"Trastorno funcional intestinal, no especificado",K:59:9,1
3742,"Trastorno fóbico de ansiedad, no especificado",F:40:9,1
3743,"Trastorno granulomatoso de la piel y del tejido subcutáneo, no especificado",L:92:9,1
3744,"Trastorno hematológico perinatal, no especificado",P:61:9,1
3745,"Trastorno hipertrófico de la piel, no especificado",L:91:9,1
3746,"Trastorno inflamatorio de órgano genital masculino, no especificado",N:49:9,1
3747,"Trastorno interno de la rodilla, no especificado",M:23:9,1
3748,"Trastorno localizado del tejido conjuntivo, no especificado",L:94:9,1
3749,"Trastorno metabólico consecutivo al aborto, al embarazo ectópico y al embarazo molar",O:08:5,2
3750,"Trastorno metabólico transitorio del recién nacido, no especificado",P:74:9,1
3751,"Trastorno metabólico, no especificado",E:88:9,1
3752,Trastorno mixto de ansiedad y depresión,F:41:2,1
3753,"Trastorno muscular, no especificado",M:62:9,1
3754,Trastorno neonatal transitorio no especificado del metabolismo del calcio y del magnesio,P:71:9,1
3755,"Trastorno neuromuscular, no especificado",G:70:9,1
3756,"Trastorno neurótico, no especificado",F:48:9,1
3757,Trastorno no especificado de la encía y de la zona edéntula,K:06:9,1
3758,"Trastorno no especificado de los tejidos blandos relacionado con el uso, el uso excesivo y la presión",M:70:9,1
3759,Trastorno no especificado de los órganos genitales masculinos,N:50:9,1
3760,Trastorno no especificado del sistema digestivo consecutivo a procedimientos,K:91:9,1
3761,"Trastorno no especificado del sistema respiratorio, consecutivo a procedimientos",J:95:9,1
3762,Trastorno no especificado del tono muscular en el recién nacido,P:94:9,1
3763,"Trastorno no especificado, resultante de la función tubular renal alterada",N:25:9,1
3764,"Trastorno no infeccioso de vasos y ganglios linfáticos, no especificado",I:89:9,1
3765,"Trastorno no orgánico del sueño, no especificado",F:51:9,1
3766,"Trastorno obsesivo-compulsivo, no especificado",F:42:9,1
3767,"Trastorno orgánico de la personalidad y del comportamiento, no especificado, debido a enfermedad, lesión y disfunción cerebral",F:07:9,1
3768,"Trastorno perinatal del sistema digestivo, no especificado",P:78:9,1
3769,"Trastorno persistente del humor [afectivo], no especificado",F:34:9,1
3770,"Trastorno psicótico agudo y transitorio, no especificado",F:23:9,1
3771,"Trastorno respiratorio, no especificado",J:98:9,1
3772,"Trastorno sinovial y tendinoso, no especificado",M:67:9,1
3773,Trastorno somatomorfo indiferenciado,F:45:1,1
3774,"Trastorno somatomorfo, no especificado",F:45:9,1
3775,"Trastorno sudoríparo ecrino, no especificado",L:74:9,1
3776,Trastorno transitorio no especificado del metabolismo de los carbohidratos en el feto y el recién nacido,P:70:9,1
3777,Trastorno vascular agudo de los intestinos,K:55:0,1
3778,"Trastorno vascular del intestino, no especificado",K:55:9,1
3779,"Trastorno venoso, no especificado",I:87:9,1
3780,Trastornos adrenogenitales congénitos con deficiencia enzimática,E:25:0,1
3781,Trastornos cerebrovasculares en enfermedades clasificadas en otra parte,I:68,5
3782,Trastornos de adaptación,F:43:2,1
3783,"Trastornos de disco lumbar y otros, con radiculopatía (G55.1*)",M:51:1,1
3784,Trastornos de la conducta,F:91,1
3785,Trastornos de la ingestión de alimentos,F:50,1
3786,"Trastornos de la pubertad, no clasificados en otra parte",E:30,1
3787,Trastornos de la uretra en enfermedades clasificadas en otra parte,N:37,1
3788,Trastornos de la válvula pulmonar,I:37,5
3789,Trastornos de la válvula tricúspide en enfermedades clasificadas en otra parte,I:39:2,1
3790,"Trastornos de las arterias, de las arteriolas y de los vasos capilares en enfermedades clasificadas en otra parte",I:79,5
3791,Trastornos de las raíces y de los plexos nerviosos,G:54,1
3792,Trastornos de las uñas,L:60,1
3793,Trastornos de las válvulas mitral y aórtica,I:08:0,1
3794,Trastornos de las válvulas mitral y tricúspide,I:08:1,1
3795,Trastornos de los movimientos estereotipados,F:98:4,1
3796,Trastornos de los órganos genitales masculinos en enfermedades clasificadas en otra parte,N:51,1
3797,Trastornos degenerativos y vasculares del oído,H:93:0,1
3798,Trastornos del aparato lagrimal,H:04,1
3799,Trastornos del aparato lagrimal en enfermedades clasificadas en otra parte,H:06:0,1
3800,Trastornos del desarrollo y de la erupción de los dientes,K:00,1
3801,Trastornos del globo ocular,H:44,1
3802,"Trastornos del hígado en el embarazo, el parto y el puerperio",O:26:6,2
3803,Trastornos del inicio y del mantenimiento del sueño [insomnios],G:47:0,1
3804,Trastornos del metabolismo de la tirosina,E:70:2,1
3805,Trastornos del metabolismo de las porfirinas y de la bilirrubina,E:80,1
3806,Trastornos del metabolismo de los ácidos grasos,E:71:3,1
3807,Trastornos del nervio auditivo,H:93:3,1
3808,Trastornos del nervio trigémino,G:50,1
3809,Trastornos del plexo braquial,G:54:0,1
3810,Trastornos del ritmo nictameral,G:47:2,1
3811,"Trastornos del sistema circulatorio consecutivos a procedimientos, no  clasificados en otra parte",I:97,5
3812,"Trastornos del sistema circulatorio consecutivos a procedimientos, no  clasificados en otra parte",I:97,5
3813,Trastornos del testículo y del epidídimo en enfermedades clasificadas en otra parte,N:51:1,1
3814,Trastornos del tono muscular en el recién nacido,P:94,1
3815,Trastornos del transporte de los aminoácidos,E:72:0,1
3816,Trastornos disociativos [de conversión],F:44,1
3817,Trastornos disociativos del movimiento,F:44:4,1
3818,Trastornos específicos mixtos del desarrollo,F:83,1
3819,Trastornos flictenulares en enfermedades clasificadas en otra parte,L:14,1
3820,Trastornos funcionales de los polimorfonucleares neutrófilos,D:71,1
3821,Trastornos granulomatosos de la piel y del tejido subcutáneo,L:92,1
3822,"Trastornos hipertensivos preexistentes, con proteinuria agregada",O:11,2
3823,Trastornos hipertróficos de la piel,L:91,1
3824,Trastornos inflamatorios de la mama,N:61,1
3825,Trastornos inflamatorios del escroto,N:49:2,1
3826,Trastornos mentales y del comportamiento debidos al uso de alcohol,F:10,1
3827,"Trastornos mentales y del comportamiento debidos al uso de alcohol, intoxicación aguda",F:10:0,1
3828,"Trastornos mentales y del comportamiento debidos al uso de alcohol, trastorno mental y del comportamiento, no especificado",F:10:9,1
3829,Trastornos mentales y del comportamiento debidos al uso de múltiples drogas y al uso de otras sustancias psicoactivas,F:19,1
3830,"Trastornos mentales y del comportamiento debidos al uso de múltiples drogas y al uso de otras sustancias psicoactivas, trastorno mental y del comportamiento, no especificado",F:19:9,1
3831,"Trastornos mentales y enfermedades del sistema nervioso que complican el embarazo, el parto y el puerperio",O:99:3,2
3832,Trastornos mixtos del balance ácido-básico,E:87:4,1
3833,Trastornos neonatales transitorios del metabolismo del calcio y del magnesio,P:71,1
3834,Trastornos no especificados de la piel y del tejido subcutáneo relacionados con radiación,L:59:9,1
3835,"Trastornos no especificados del sistema nervioso, consecutivos a procedimientos",G:97:9,1
3836,"Trastornos no especificados, emocionales y del comportamiento, que aparecen habitualmente en la niñez y en la adolescencia",F:98:9,1
3837,Trastornos no reumáticos de la válvula aórtica,I:35,5
3838,Trastornos no reumáticos de la válvula mitral,I:34,1
3839,Trastornos no reumáticos de la válvula mitral,I:34,5
3840,Trastornos no reumáticos de la válvula tricúspide,I:36,5
3841,Trastornos nutricionales y metabólicos en enfermedades clasificadas en otra parte,E:90,1
3842,Trastornos placentarios,O:43,2
3843,"Trastornos relacionados con duración corta de la gestación y con bajo peso al nacer, no clasificados en otra parte",P:07,1
3844,Trastornos relacionados con el embarazo prolongado y con sobrepeso al nacer,P:08,1
3845,Trastornos renales tubulointersticiales en enfermedades infecciosas y parasitarias clasificadas en otra parte,N:16:0,1
3846,Trastornos respiratorios en enfermedades clasificadas en otra parte,J:99,1
3847,Trastornos respiratorios en otras enfermedades clasificadas en otra parte,J:99:8,1
3848,Trastornos respiratorios en otros trastornos difusos del tejido conjuntivo,J:99:1,1
3849,Trastornos resultantes de la función tubular renal alterada,N:25,1
3850,Trastornos sudoríparos ecrinos,L:74,1
3851,"Trauma obstétrico, no especificado",O:71:9,2
3852,Traumatismo cerebral difuso,S:06:2,1
3853,Traumatismo cerebral focal,S:06:3,1
3854,"Traumatismo de la cabeza, no especificado",S:09:9,1
3855,Traumatismo de la conjuntiva y abrasión corneal sin mención de cuerpo extraño,S:05:0,1
3856,"Traumatismo de la médula espinal, nivel no especificado",T:09:3,1
3857,"Traumatismo de la pierna, no especificado",S:89:9,1
3858,Traumatismo de los genitales externos durante el nacimiento,P:15:5,1
3859,Traumatismo de los vasos sanguíneos de la cabeza no clasificados en otra parte,S:09:0,1
3860,Traumatismo de nervio(s) de región no especificada del cuerpo,T:14:4,1
3861,"Traumatismo de nervios craneales, no especificado",S:04:9,1
3862,Traumatismo de otros huesos largos durante el nacimiento,P:13:3,1
3863,Traumatismo de otros nervios y de los no especificados del cuello,S:14:6,1
3864,Traumatismo de regiones no especificadas del cuerpo,T:14,1
3865,Traumatismo de tendones y músculos de región no especificada del cuerpo,T:14:6,1
3866,Traumatismo de tendón y músculo no especificado a nivel de la pierna,S:86:9,1
3867,Traumatismo de órgano pélvico no especificado,S:37:9,1
3868,Traumatismo de órgano(s) intraabdominal(es) con órgano(s) pélvico(s),S:39:6,1
3869,Traumatismo del corazón con hemopericardio,S:26:0,1
3870,"Traumatismo del cuello, no especificado",S:19:9,1
3871,Traumatismo del fémur durante el nacimiento,P:13:2,1
3872,Traumatismo del nacimiento en el cuero cabelludo,P:12,1
3873,"Traumatismo del nacimiento en el cuero cabelludo, no especificado",P:12:9,1
3874,"Traumatismo del nacimiento en el sistema nervioso central, no especificado",P:11:9,1
3875,Traumatismo del nacimiento en otras partes del esqueleto,P:13:8,1
3876,Traumatismo del nervio cubital a nivel de la muñeca y de la mano,S:64:0,1
3877,Traumatismo del nervio cubital a nivel del antebrazo,S:54:0,1
3878,Traumatismo del nervio peroneal profundo a nivel del pie y del tobillo,S:94:2,1
3879,"Traumatismo del ojo y de la órbita, no especificado",S:05:9,1
3880,"Traumatismo del pie y del tobillo, no especificado",S:99:9,1
3881,Traumatismo del plexo braquial,S:14:3,1
3882,Traumatismo del tendón y músculo aductor mayor del muslo,S:76:2,1
3883,Traumatismo del tendón y músculo del extensor largo del (de los) dedo(s) a nivel del pie y del tobillo,S:96:1,1
3884,"Traumatismo del tórax, no especificado",S:29:9,1
3885,Traumatismo del útero,S:37:6,1
3886,Traumatismo durante el nacimiento en otras partes del sistema nervioso periférico,P:14:8,1
3887,Traumatismo en el cuero cabelludo del recién nacido por monitoreo fetal,P:12:4,1
3888,Traumatismo facial durante el nacimiento,P:15:4,1
3889,Traumatismo intracraneal,S:06,1
3890,"Traumatismo intracraneal, no especificado",S:06:9,1
3891,Traumatismo no especificado de la cadera y del muslo,S:79:9,1
3892,Traumatismo no especificado de la muñeca y de la mano,S:69:9,1
3893,"Traumatismo no especificado de miembro inferior, nivel no especificado",T:13:9,1
3894,"Traumatismo no especificado de miembro superior, nivel no especificado",T:11:9,1
3895,"Traumatismo no especificado del abdomen, de la región lumbosacra y de la pelvis",S:39:9,1
3896,Traumatismo no especificado del antebrazo,S:59:9,1
3897,Traumatismo no especificado del sistema nervioso periférico durante el nacimiento,P:14:9,1
3898,"Traumatismo no especificado del tronco, nivel no especificado",T:09:9,1
3899,"Traumatismo no especificado, durante el nacimiento",P:15:9,1
3900,Traumatismo obstétrico de los ligamentos y articulaciones de la pelvis,O:71:6,2
3901,"Traumatismo por aplastamiento de la cabeza, parte no especificada",S:07:9,1
3902,Traumatismo por aplastamiento de órganos genitales externos,S:38:0,1
3903,Traumatismo por aplastamiento del cráneo,S:07:1,1
3904,Traumatismo superficial de la cabeza,S:00,1
3905,"Traumatismo superficial de la cabeza, parte no especificada",S:00:9,1
3906,"Traumatismo superficial de la muñeca y de la mano, no especificado",S:60:9,1
3907,Traumatismo superficial de la nariz,S:00:3,1
3908,Traumatismo superficial de la pierna,S:80,1
3909,"Traumatismo superficial de la pierna, no especificado",S:80:9,1
3910,"Traumatismo superficial de miembro inferior, nivel no especificado",T:13:0,1
3911,"Traumatismo superficial de miembro superior, nivel no especificado",T:11:0,1
3912,Traumatismo superficial de otras partes de la cabeza,S:00:8,1
3913,Traumatismo superficial de otras partes y de las no especificadas del tórax,S:20:8,1
3914,Traumatismo superficial de región no especificada del cuerpo,T:14:0,1
3915,"Traumatismo superficial del abdomen, de la región lumbosacra y de la pelvis, parte no especificada",S:30:9,1
3916,Traumatismo superficial del antebrazo y del codo,S:50,1
3917,"Traumatismo superficial del antebrazo, no especificado",S:50:9,1
3918,"Traumatismo superficial del cuello, parte no especificada",S:10:9,1
3919,Traumatismo superficial del cuero cabelludo,S:00:0,1
3920,Traumatismo superficial del labio y de la cavidad bucal,S:00:5,1
3921,Traumatismo superficial del oído,S:00:4,1
3922,"Traumatismo superficial del pie y del tobillo, no especificado",S:90:9,1
3923,Traumatismo superficial del tobillo y del pie,S:90,1
3924,"Traumatismo superficial del tronco, nivel no especificado",T:09:0,1
3925,Traumatismo superficial no especificado del hombro y del brazo,S:40:9,1
3926,"Traumatismo, no especificado",T:14:9,1
3927,Traumatismos múltiples del antebrazo,S:59:7,1
3928,"Traumatismos múltiples, no especificados",T:07,1
3929,Traumatismos no especificados del hombro y del brazo,S:49:9,1
3930,Traumatismos por aplastamiento que afectan múltiples regiones del (de los) miembro(s) inferior(es),T:04:3,1
3931,Traumatismos superficiales múltiples de la cabeza,S:00:7,1
3932,Traumatismos superficiales múltiples de la cadera y del muslo,S:70:7,1
3933,Traumatismos superficiales múltiples del hombro y del brazo,S:40:7,1
3934,Traumatismos superficiales múltiples del pie y del tobillo,S:90:7,1
3935,"Traumatismos superficiales múltiples, no especificados",T:00:9,1
3936,"Traumatismos superficiales que afectan el tórax con el abdomen, la región lumbosacra y la pelvis",T:00:1,1
3937,Traumatismos superficiales que afectan la cabeza con el cuello,T:00:0,1
3938,Traumatismos superficiales que afectan múltiples regiones del cuerpo,T:00,1
3939,Tricomoniasis,A:59,1
3940,Tricomoniasis urogenital,A:59:0,1
3941,"Tricomoniasis, no especificada",A:59:9,1
3942,Tricuriasis,B:79,1
3943,Tripanosomiasis rhodesiense,B:56:1,1
3944,"Trisomía 13, mosaico (por falta de disyunción mitótica)",Q:91:5,1
3945,"Trisomía 18, por translocación",Q:91:2,1
3946,"Trisomía 21, mosaico (por falta de disyunción mitótica)",Q:90:1,1
3947,"Trisomía 21, por falta de disyunción meiótica",Q:90:0,1
3948,"Trisomía 21, por translocación",Q:90:2,1
3949,"Trisomía y trisomía parcial de los autosomas, sin otra especificación",Q:92:9,1
3950,Trombocitopenia neonatal transitoria,P:61:0,1
3951,Trombocitopenia no especificada,D:69:6,1
3952,Trombocitosis esencial,D:75:2,1
3953,Tromboflebitis superficial en el embarazo,O:22:2,2
3954,Tromboflebitis superficial en el puerperio,O:87:0,2
3955,Trombosis coronaria que no resulta en infarto del miocardio,I:24:0,1
3956,"Trombosis de la aurícula, apéndice auricular y ventrículo como complicación presente posterior al infarto agudo del miocardio",I:23:6,1
3957,Trombosis de la vena porta,I:81,5
3958,"Trombosis intracardíaca, no clasificada en otra parte",I:51:3,1
3959,Trombosis venosa cerebral en el embarazo,O:22:5,2
3960,Trombosis venosa cerebral en el puerperio,O:87:3,2
3961,Tronco arterioso común,Q:20:0,1
3962,Tuberculosis congénita,P:37:0,1
3963,"Tuberculosis de laringe, tráquea y bronquios, sin mención de confirmación bacteriológica o histológica",A:16:4,1
3964,"Tuberculosis del pulmón, confirmada histológicamente",A:15:2,1
3965,"Tuberculosis del pulmón, confirmada por hallazgo microscópico del bacilo tuberculoso en esputo, con o sin cultivo",A:15:0,1
3966,"Tuberculosis del pulmón, confirmada por medios no especificados",A:15:3,1
3967,"Tuberculosis del pulmón, sin mención de confirmación bacteriológica o histológica",A:16:2,1
3968,"Tuberculosis que complica el embarazo, el parto y el puerperio",O:98:0,2
3969,"Tuberculosis respiratoria no especificada, confirmada bacteriológica e histológicamente",A:15:9,1
3970,"Tuberculosis respiratoria no especificada, sin mención de confirmación bacteriológica o histológica",A:16:9,1
3971,"Tuberculosis respiratoria, confirmada bacteriológica e histológicamente",A:15,1
3972,"Tularemia, no especificada",A:21:9,1
3973,"Tumefacción, masa o prominencia de la piel y del tejido subcutáneo localizadas",R:22,1
3974,"Tumefacción, masa o prominencia intraabdominal y pélvica",R:19:0,1
3975,"Tumefacción, masa o prominencia localizada en el cuello",R:22:1,1
3976,"Tumefacción, masa o prominencia localizada en el miembro inferior",R:22:4,1
3977,"Tumefacción, masa o prominencia localizada en el miembro superior",R:22:3,1
3978,"Tumefacción, masa o prominencia localizada en el tronco",R:22:2,1
3979,"Tumefacción, masa o prominencia localizada en la cabeza",R:22:0,1
3980,"Tumefacción, masa o prominencia localizada en parte no especificada",R:22:9,1
3981,"Tumefacción, masa o prominencia localizada en sitios múltiples",R:22:7,1
3982,Tumor benigno de la amígdala,D:10:4,1
3983,Tumor benigno de la glándula suprarrenal,D:35:0,1
3984,Tumor benigno de la mama,D:24,1
3985,"Tumor benigno de la piel del párpado, incluida la comisura palpebral",D:23:1,1
3986,"Tumor benigno de la piel, sitio no especificado",D:23:9,1
3987,Tumor benigno de la próstata,D:29:1,1
3988,Tumor benigno de las glándulas y de los conductos lagrimales,D:31:5,1
3989,Tumor benigno de los huesos cortos del miembro superior,D:16:1,1
3990,Tumor benigno de los testículos,D:29:2,1
3991,Tumor benigno de otros sitios especificados,D:36:7,1
3992,Tumor benigno de otros órganos intratorácicos y de los no especificados,D:15,1
3993,Tumor benigno de sitio no especificado,D:36:9,1
3994,Tumor benigno del ciego,D:12:0,1
3995,Tumor benigno del conducto anal y del ano,D:12:9,1
3996,Tumor benigno del maxilar inferior,D:16:5,1
3997,Tumor benigno del ovario,D:27,1
3998,Tumor benigno del pene,D:29:0,1
3999,"Tumor benigno del sistema nervioso central, sitio no especificado",D:33:9,1
4000,"Tumor benigno del tejido conjuntivo y de otros tejidos blandos de cabeza, cara y cuello",D:21:0,1
4001,"Tumor benigno del tejido mesotelial, de sitio no especificado",D:19:9,1
4002,Tumor benigno lipomatoso de otros sitios especificados,D:17:7,1
4003,"Tumor benigno lipomatoso de piel y de tejido subcutáneo de cabeza, cara y cuello",D:17:0,1
4004,"Tumor benigno lipomatoso, de sitio no especificado",D:17:9,1
4005,Tumor de comportamiento incierto o desconocido de la piel,D:48:5,1
4006,Tumor de comportamiento incierto o desconocido de laringe,D:38:0,1
4007,Tumor de comportamiento incierto o desconocido de otros sitios especificados,D:48:7,1
4008,Tumor de comportamiento incierto o desconocido de otros sitios y de los no especificados,D:48,1
4009,"Tumor de comportamiento incierto o desconocido de órganos digestivos, sitio no especificado",D:37:9,1
4010,"Tumor de comportamiento incierto o desconocido del encéfalo, supratentorial",D:43:0,1
4011,"Tumor de comportamiento incierto o desconocido del labio, de la cavidad bucal y de la faringe",D:37:0,1
4012,Tumor de comportamiento incierto o desconocido del ovario,D:39:1,1
4013,Tumor de comportamiento incierto o desconocido del testículo,D:40:1,1
4014,"Tumor de comportamiento incierto o desconocido, de sitio no especificado",D:48:9,1
4015,Tumor maligno de la amígdala,C:09,5
4016,Tumor maligno de la base de la lengua,C:01,5
4017,"Tumor maligno de la cabeza, cara y cuello",C:76:0,1
4018,Tumor maligno de la columna vertebral,C:41:2,1
4019,Tumor maligno de la coroides,C:69:3,1
4020,Tumor maligno de la encía,C:03,5
4021,Tumor maligno de la fosa nasal,C:30:0,1
4022,Tumor maligno de la glándula parótida,C:07,5
4023,Tumor maligno de la glándula submaxilar,C:08:0,1
4024,Tumor maligno de la glándula suprarrenal,C:74,5
4025,Tumor maligno de la glándula tiroides,C:73,5
4026,Tumor maligno de la hipofaringe,C:13,5
4027,Tumor maligno de la laringe,C:32,5
4028,Tumor maligno de la mama,C:50,5
4029,"Tumor maligno de la médula espinal, de los nervios craneales y de otras partes del sistema nervioso central",C:72,5
4030,Tumor maligno de la nasofaringe,C:11,5
4031,Tumor maligno de la orofaringe,C:10,5
4032,Tumor maligno de la pelvis renal,C:65,5
4033,Tumor maligno de la placenta,C:58,5
4034,Tumor maligno de la próstata,C:61,5
4035,Tumor maligno de la tráquea,C:33,5
4036,Tumor maligno de la unión rectosigmoidea,C:19,5
4037,Tumor maligno de la vagina,C:52,5
4038,Tumor maligno de la vejiga urinaria,C:67,5
4039,Tumor maligno de la vesícula biliar,C:23,5
4040,Tumor maligno de la vulva,C:51,5
4041,Tumor maligno de las fosas nasales y del oído medio,C:30,5
4042,Tumor maligno de las meninges,C:70,5
4043,Tumor maligno de las vías biliares extrahepáticas,C:24:0,1
4044,Tumor maligno de los bronquios y del pulmón,C:34,5
4045,Tumor maligno de los huesos del cráneo y de la cara,C:41:0,1
4046,Tumor maligno de los huesos y de los cartílagos articulares de los miembros,C:40,5
4047,"Tumor maligno de los huesos y de los cartílagos articulares, de otros sitios y de sitios no especificados",C:41,5
4048,Tumor maligno de los nervios periféricos y del sistema nervioso autónomo,C:47,5
4049,Tumor maligno de los senos paranasales,C:31,5
4050,Tumor maligno de otras glándulas endocrinas y de estructuras afines,C:75,5
4051,Tumor maligno de otras glándulas salivales mayores y de las no especificadas,C:08,5
4052,Tumor maligno de otras partes y de las no especificadas de la boca,C:06,5
4053,Tumor maligno de otras partes y de las no especificadas de la lengua,C:02,5
4054,Tumor maligno de otras partes y de las no especificadas de las vías biliares,C:24,5
4055,Tumor maligno de otros sitios y de los mal definidos de los órganos digestivos,C:26,5
4056,"Tumor maligno de otros sitios y de los mal definidos del labio, de la cavidad bucal y de la faringe",C:14,5
4057,Tumor maligno de otros sitios y de los mal definidos del sistema respiratorio y de los órganos intratorácicos,C:39,5
4058,Tumor maligno de otros sitios y de sitios mal definidos,C:76,5
4059,Tumor maligno de otros tejidos conjuntivos y de tejidos blandos,C:49,5
4060,Tumor maligno de otros órganos genitales femeninos y de los no especificados,C:57,5
4061,Tumor maligno de otros órganos genitales masculinos y de los no especificados,C:63,5
4062,Tumor maligno de otros órganos urinarios y de los no especificados,C:68,5
4063,Tumor maligno de sitios no especificados,C:80,1
4064,Tumor maligno de sitios no especificados,C:80,5
4065,Tumor maligno del ano y del conducto anal,C:21,5
4066,"Tumor maligno del ano, parte no especificada",C:21:0,1
4067,Tumor maligno del colon,C:18,5
4068,Tumor maligno del conducto anal,C:21:1,1
4069,"Tumor maligno del corazón, del mediastino y de la pleura",C:38,5
4070,Tumor maligno del cuello del útero,C:53,5
4071,Tumor maligno del cuerpo del útero,C:54,5
4072,Tumor maligno del encéfalo,C:71,5
4073,Tumor maligno del estómago,C:16,5
4074,Tumor maligno del esófago,C:15,5
4075,Tumor maligno del hígado y de las vías biliares intrahepáticas,C:22,5
4076,Tumor maligno del intestino delgado,C:17,5
4077,Tumor maligno del labio,C:00,5
4078,Tumor maligno del ojo y sus anexos,C:69,5
4079,Tumor maligno del ovario,C:56,1
4080,Tumor maligno del ovario,C:56,5
4081,Tumor maligno del paladar,C:05,5
4082,Tumor maligno del pene,C:60,5
4083,Tumor maligno del peritoneo y del retroperitoneo,C:48,5
4084,Tumor maligno del piso de la boca,C:04,5
4085,Tumor maligno del páncreas,C:25,5
4086,Tumor maligno del recto,C:20,5
4087,"Tumor maligno del riñón, excepto de la pelvis renal",C:64,5
4088,Tumor maligno del seno piriforme,C:12,5
4089,Tumor maligno del testículo,C:62,5
4090,"Tumor maligno del testículo, no especificado",C:62:9,1
4091,Tumor maligno del timo,C:37,5
4092,Tumor maligno del uréter,C:66,5
4093,"Tumor maligno del útero, parte no especificada",C:55,5
4094,Tumor maligno secundario de los órganos respiratorios y digestivos,C:78,5
4095,Tumor maligno secundario de otros sitios,C:79,5
4096,Tumor maligno secundario y el no especificado de los ganglios linfáticos,C:77,5
4097,Tumores benignos lipomatosos,D:17,1
4098,Tumores malignos (primarios) de sitios múltiples independientes,C:97,5
4099,Tétanos neonatal,A:33,1
4100,"Ulcera crónica de la piel, no clasificada en otra parte",L:98:4,1
4101,Ulcera de decúbito,L:89,1
4102,"Ulcera de miembro inferior, no clasificada en otra parte",L:97,1
4103,Ulcera del pene,N:48:5,1
4104,Ulcera gástrica,K:25,1
4105,"Ulcera gástrica, aguda con perforación",K:25:1,1
4106,"Ulcera gástrica, aguda sin hemorragia ni perforación",K:25:3,1
4107,"Ulcera gástrica, crónica sin hemorragia ni perforación",K:25:7,1
4108,"Ulcera gástrica, no especificada como aguda ni crónica, sin hemorragia ni perforación",K:25:9,1
4109,"Ulcera péptica, de sitio no especificado",K:27,1
4110,"Ulcera péptica, de sitio no especificado, aguda con hemorragia",K:27:0,1
4111,"Ulcera péptica, no especificada como aguda ni crónica, sin hemorragia ni perforación",K:27:9,1
4112,Uretritis en enfermedades clasificadas en otra parte,N:37:0,1
4113,Uretritis no específica,N:34:1,1
4114,Uropatía asociada con reflujo vesicoureteral,N:13:7,1
4115,Uropatía obstructiva y por reflujo,N:13,1
4116,"Uropatía obstructiva y por reflujo, sin otra especificación",N:13:9,1
4117,Urticaria,L:50,1
4118,Urticaria alérgica,L:50:0,1
4119,Urticaria idiopática,L:50:1,1
4120,Urticaria solar,L:56:3,1
4121,"Urticaria, no especificada",L:50:9,1
4122,Uña encarnada,L:60:0,1
4123,Varicela,B:01,1
4124,Varicela con otras complicaciones,B:01:8,1
4125,Varicela sin complicaciones,B:01:9,1
4126,"Vasculitis limitada a la piel, sin otra especificación",L:95:9,1
4127,"Vasculopatía necrotizante, no especificada",M:31:9,1
4128,Venas varicosas de los miembros inferiores,I:83,5
4129,Venas varicosas de los miembros inferiores con inflamación,I:83:1,1
4130,Venas varicosas de los miembros inferiores con úlcera,I:83:0,1
4131,Venas varicosas de los miembros inferiores en el embarazo,O:22:0,2
4132,Venas varicosas de los miembros inferiores sin úlcera ni inflamación,I:83:9,1
4133,Verrugas (venéreas) anogenitales (Papilomatosis),A:63:0,1
4134,Verrugas víricas,B:07,1
4135,Violencia física,R:45:6,1
4136,Viruela de los monos,B:04:0,1
4137,Viruela de los monos (Caso sospechoso),B:04:1,1
4138,Vitíligo,L:80,1
4139,Várices de otros sitios,I:86,5
4140,Várices en otros sitios especificados,I:86:8,1
4141,Várices esofágicas,I:85,5
4142,Várices genitales en el embarazo,O:22:1,2
4143,"Vértebra colapsada, no clasificada en otra parte",M:48:5,1
4144,Vértigo de origen central,H:81:4,1
4145,Vértigo paroxístico benigno,H:81:1,1
4146,"Víctima de rayo, en lugar no especificado",X:33:9,1
4147,Vólvulo,K:56:2,1
4148,Vómito postcirugía gastrointestinal,K:91:0,1
4149,Vómitos asociados con otras alteraciones psicológicas,F:50:5,1
4150,"Vómitos del embarazo, no especificados",O:21:9,2
4151,Vómitos del recién nacido,P:92:0,1
4152,Vómitos excesivos en el embarazo,O:21,2
4153,Xerosis del cutis,L:85:3,1
4154,chagas,chagas,4
4155,chikungunya,chikungunya,4
4156,dengue,dengue,4
4157,dengue_grave,dengue_grave,4
4158,desnutricion_aguda,desnutricion_aguda,3
4159,malaria,malaria,4
4160,,AA:99:9,1
4161,retardo_desarrollo,retardo_desarrollo,3
4162,zika,zika,4
